Observation,Energy
50001,41.85526000923697
50002,88.47757049019015
50003,53.858232062890146
50004,97.02331608292366
50005,43.99048495228932
50006,61.37903103497329
50007,118.89559746558578
50008,41.24103562433559
50009,206.8695889668996
50010,34.961996135263945
50011,48.817274237487055
50012,74.38015280611407
50013,51.83039890797782
50014,71.60663216453707
50015,56.66119838699698
50016,98.81470602266717
50017,58.60387420094974
50018,425.65497131189306
50019,56.55326135228616
50020,67.56809238419136
50021,61.149888318588175
50022,222.7306414496999
50023,102.46095072962214
50024,65.14068549349211
50025,56.434168198760986
50026,64.82804476907512
50027,232.63959026683995
50028,338.61221797211255
50029,39.68091995895641
50030,50.00000000000001
50031,52.12241811697027
50032,83.99022675915748
50033,61.83246552411851
50034,47.02342917709956
50035,166.97299210813333
50036,52.66924143352328
50037,52.48606286134473
50038,51.93468310941012
50039,108.81637184076985
50040,38.45688667999042
50041,49.890488801309644
50042,48.880155917661256
50043,46.858975694851246
50044,152.51740956148438
50045,80.55006701854356
50046,40.377438363492494
50047,48.3481971884525
50048,54.06828658140639
50049,43.28236334288371
50050,110.59388285325326
50051,154.99376302701316
50052,48.23266222847522
50053,51.15399842754644
50054,322.8569008058977
50055,110.01451508801289
50056,47.7700829971561
50057,46.940850790826886
50058,158.536129085184
50059,48.59973551357475
50060,387.35378828931937
50061,50.27345249383286
50062,44.8432604166378
50063,47.35612892867518
50064,84.65524156033482
50065,33.71911592998985
50066,77.41435773056075
50067,200.08502565656235
50068,50.606970335513594
50069,222.57517601986555
50070,60.13895790995394
50071,155.09386682367736
50072,145.15429412997403
50073,142.1558380714933
50074,52.012606026495405
50075,41.15272167254714
50076,54.4324242434239
50077,48.40922710659462
50078,108.84564070692369
50079,125.64089050420202
50080,42.957949016540894
50081,75.5827618639164
50082,39.025733380219904
50083,51.65099078718964
50084,43.85028116019216
50085,60.0
50086,54.17147773485587
50087,126.05573170466442
50088,61.17953024575476
50089,45.16772244302289
50090,190.72617352484997
50091,48.0132216186693
50092,55.07875065835135
50093,176.0496617586992
50094,196.5593424382171
50095,47.80929498162122
50096,50.84015948914623
50097,40.37755582705247
50098,45.9519589009225
50099,83.6134243560812
50100,106.11836782973712
50101,25.420217845392102
50102,59.99999999999999
50103,70.0
50104,158.89982977871134
50105,62.666559143124495
50106,50.0
50107,45.21823523660923
50108,137.37871061541696
50109,56.44353899982216
50110,34.270337851676295
50111,50.17032307011509
50112,138.9511597041422
50113,56.0145892164391
50114,58.2915946309345
50115,61.70293402866446
50116,47.96999174614824
50117,63.464432487803236
50118,41.21286824336987
50119,224.65294175398128
50120,121.52911683028324
50121,263.06865129803566
50122,61.029342896461046
50123,58.066122692389925
50124,82.66281703306609
50125,48.15395837678188
50126,249.51060583544685
50127,69.32307803987536
50128,42.65713095525831
50129,111.13773560679986
50130,51.69732404435973
50131,221.854742447179
50132,43.79060372403388
50133,51.35392388466373
50134,160.51534208401677
50135,58.318789696752134
50136,154.1111879432551
50137,390.92015120922315
50138,63.987193105578115
50139,58.28986481772858
50140,44.656952577235955
50141,334.0856009449231
50142,267.188265315449
50143,48.3047442693276
50144,48.738760371019495
50145,84.9758268629477
50146,46.813200384959664
50147,88.89932332654749
50148,73.99402037944003
50149,82.92383124562447
50150,106.26141744246944
50151,277.65702545092716
50152,59.28970926504929
50153,86.10011907210209
50154,51.85532779166988
50155,40.0
50156,59.904509170129316
50157,94.96114446437164
50158,81.50490706850503
50159,46.95299683521569
50160,58.470427159026784
50161,58.29520871236551
50162,45.84483307096243
50163,47.65155805493358
50164,69.93380128681154
50165,159.4340688150321
50166,93.64565886897189
50167,99.42708208952271
50168,108.22439575369405
50169,46.9757867494888
50170,39.190993586655736
50171,48.15289891036036
50172,60.00000000000001
50173,42.483490900919705
50174,65.49072896972667
50175,59.293703758893486
50176,148.2791544895789
50177,56.967104746172964
50178,45.561525081716155
50179,40.94781346181603
50180,48.907826166481634
50181,221.01961008353507
50182,64.86932178441742
50183,40.27684062663057
50184,54.97829864290186
50185,57.9595668650197
50186,106.81105746265818
50187,209.78730852492626
50188,43.95352357708786
50189,68.16319514291892
50190,111.1896700953062
50191,104.76493729134907
50192,51.890760148615854
50193,64.733512820868
50194,101.29572866995699
50195,53.362544215405634
50196,52.012841344351294
50197,36.88504492546181
50198,185.91533910359445
50199,41.705811065767946
50200,249.75229496051327
50201,53.4136299524536
50202,50.14381369015264
50203,437.09894889791786
50204,33.88775572052011
50205,82.51090736139464
50206,105.6152073594114
50207,54.30765664624667
50208,123.8689430266967
50209,189.2230381441458
50210,90.61904148401287
50211,61.98101632962619
50212,62.03377663314466
50213,518.2216574780241
50214,53.09515601764504
50215,176.1152265115475
50216,48.46665993624629
50217,34.20775300647288
50218,51.87131200552519
50219,75.89864136275538
50220,60.47001408967881
50221,76.28150651491688
50222,56.2528740578901
50223,32.72189098385054
50224,88.1466832406107
50225,51.984710087602835
50226,98.12453474844119
50227,105.78630937101987
50228,54.105985759263085
50229,58.21050041426077
50230,157.12170504106896
50231,570.9291874420903
50232,461.4353091766487
50233,56.124480140846956
50234,125.9626144162274
50235,190.99423564718623
50236,108.00910976069181
50237,47.07709986502347
50238,55.63346743380965
50239,41.725165677292004
50240,73.09995860225726
50241,28.264712039181003
50242,52.522393635640746
50243,50.00000000000001
50244,50.792821399545055
50245,56.94745464697956
50246,227.54778551005683
50247,81.65032728080558
50248,59.99999999999999
50249,229.91327499847029
50250,149.9148937073404
50251,35.544003464205844
50252,53.05559177253708
50253,79.82672652462117
50254,49.37273234309045
50255,70.94535894835703
50256,59.99999999999999
50257,32.07509844767086
50258,334.04435680982726
50259,70.16657532699823
50260,136.86540490611682
50261,109.9031199962537
50262,47.26317751951759
50263,68.97549681403406
50264,143.42291282401922
50265,45.91944895555848
50266,44.039812253934315
50267,56.75567292808776
50268,101.6296765312109
50269,74.74745064576636
50270,152.65912818922024
50271,105.93981066841627
50272,119.52684724189828
50273,185.4309249220174
50274,58.13934291553998
50275,41.390279170786826
50276,67.67643796152991
50277,361.4992978629204
50278,44.251623027071744
50279,52.06440112485372
50280,48.29438329765018
50281,48.27261322045766
50282,59.609304425337456
50283,209.69879005208864
50284,57.16920749947446
50285,57.94168820732016
50286,94.61093571083782
50287,45.46310925224281
50288,109.64661342386651
50289,59.07378901767394
50290,47.805966652023024
50291,56.42873831671376
50292,43.565566744308065
50293,47.107565398064075
50294,46.736861603871986
50295,139.0267681515253
50296,50.33709995298616
50297,209.56033129177706
50298,62.24733555787726
50299,77.2672007306734
50300,170.06136358291138
50301,34.712465723746085
50302,99.37005900312163
50303,90.31846842566942
50304,275.2940565716951
50305,44.417181865714326
50306,148.19686106138954
50307,44.828609625803935
50308,48.771429631857806
50309,66.13380312283945
50310,49.389748377495074
50311,150.13363016219213
50312,60.000000000000014
50313,91.29485972589377
50314,68.39253269304045
50315,39.84841213313398
50316,111.61666995719875
50317,55.630136678009585
50318,61.1860890522372
50319,71.5963368928143
50320,57.36878417400368
50321,51.55983265720591
50322,402.36522761389375
50323,49.99999999999999
50324,45.75781031102086
50325,98.22630839380516
50326,88.82646957581245
50327,163.92729646407878
50328,70.00000000000001
50329,49.170137797857315
50330,52.92208181190457
50331,71.30899524715332
50332,75.0218382226752
50333,60.000000000000014
50334,56.14025642735671
50335,238.46838298816863
50336,51.565408275302985
50337,126.90334352848947
50338,51.94345265402196
50339,30.819110457068632
50340,58.22195201091353
50341,41.93051903906249
50342,58.60532886059819
50343,35.96432467208119
50344,72.23372226787899
50345,30.75201618025594
50346,178.85276245099618
50347,55.890007562804364
50348,53.425558491062304
50349,54.1228389077958
50350,63.80690059484063
50351,39.02897627892166
50352,104.04896411864674
50353,262.38361517370555
50354,50.91422435248264
50355,51.8726263956101
50356,59.683769151777994
50357,326.6697819103709
50358,58.11783224296848
50359,57.05114907034824
50360,78.9759074560795
50361,130.42314442341763
50362,132.0175062790129
50363,44.741165409037734
50364,102.56541949924886
50365,51.88906591738612
50366,54.01589068948899
50367,112.46811309391528
50368,288.4146964811989
50369,39.302250868681426
50370,177.7236583213214
50371,413.5281648705433
50372,47.937201191314976
50373,272.72721783967296
50374,99.85337077986736
50375,535.0302146105851
50376,58.07161017305631
50377,88.58042762413449
50378,62.94486104079139
50379,61.17750816928902
50380,282.88732548003105
50381,82.44761492184767
50382,84.79705269550709
50383,45.29197758019891
50384,50.497989180006364
50385,56.33240425982554
50386,43.934978453578985
50387,77.04826331182612
50388,40.01870209500601
50389,31.828919405448698
50390,48.25344975244018
50391,122.71817525301798
50392,48.36711179074503
50393,57.03062463406801
50394,60.02360180374447
50395,213.1206787935591
50396,63.659231093323385
50397,53.4388537838601
50398,129.86887009359577
50399,99.75091432325445
50400,48.24066625872661
50401,51.270610047542235
50402,50.42756056158156
50403,97.0814620105009
50404,66.51885246654243
50405,36.105794518633544
50406,102.66114866904476
50407,46.8399576687215
50408,177.02322337701528
50409,140.02870265648528
50410,199.27308642924186
50411,53.613666739174455
50412,96.65535701409082
50413,41.03315764872617
50414,92.77305898500781
50415,170.6490866060626
50416,53.42594139241058
50417,58.71792904659116
50418,77.77121354031175
50419,42.470469458089724
50420,143.5665182061498
50421,79.07949176192334
50422,55.196209224002985
50423,62.86888501664136
50424,58.48290118384932
50425,216.38783182327953
50426,93.44005834506422
50427,44.983982336377494
50428,119.97603553160931
50429,91.9494225573688
50430,179.62248381846797
50431,51.153604057869636
50432,58.2637549984386
50433,44.447510663325446
50434,42.82267974764653
50435,52.787288668165644
50436,56.24971387524745
50437,76.49650136458811
50438,100.68703037276475
50439,205.72405768011603
50440,63.50848547269
50441,57.85212442425908
50442,51.38475085986539
50443,41.41159854715485
50444,83.07193018749535
50445,475.6709441382631
50446,74.40909012787591
50447,39.91543266494925
50448,37.722953481697644
50449,51.28764294219082
50450,88.62947846581757
50451,218.33342289301493
50452,46.93927555863895
50453,46.53902064711135
50454,45.63713952483583
50455,50.00000000000001
50456,61.073453085563855
50457,48.04363537618344
50458,92.843254784809
50459,113.38383209095292
50460,91.18467818270715
50461,42.72539186353843
50462,353.34851740499835
50463,52.65870806842599
50464,130.86841926850926
50465,33.462873933653825
50466,87.78985441946128
50467,172.63170677969623
50468,188.87391778285053
50469,63.04867757270262
50470,60.00000000000001
50471,75.29033898953354
50472,46.75577731130122
50473,90.65729682807275
50474,90.2383221157111
50475,52.12967158497669
50476,58.476473426088226
50477,55.048361112082944
50478,67.82790164357336
50479,65.21033252311086
50480,59.21159639384756
50481,58.593196325546536
50482,157.3974694847895
50483,39.926973387674565
50484,53.73154783594475
50485,330.3941998430334
50486,49.9948562859268
50487,48.265941022298776
50488,87.99115220659066
50489,451.1560998482094
50490,56.74207135357479
50491,127.71215489050334
50492,197.33611630388572
50493,34.64772961343011
50494,53.31516627078614
50495,52.449728288073736
50496,62.0293369874145
50497,53.25796785410076
50498,72.85498654310001
50499,190.16532952147074
50500,27.38328702631331
50501,61.73041564369956
50502,42.7204796896886
50503,53.91429821198301
50504,36.1254447951814
50505,25.763244017578064
50506,43.491337440647115
50507,50.0
50508,52.99061025662808
50509,65.8179342845479
50510,55.22948833900097
50511,71.72267997052673
50512,51.762966343892195
50513,42.87554413775475
50514,53.15357448483873
50515,98.25973069452976
50516,113.05084421132003
50517,85.85276120604256
50518,60.75107087165586
50519,139.5007936644177
50520,201.52273406266224
50521,34.02861870578852
50522,61.310469959523495
50523,77.16979340103298
50524,29.87492947203081
50525,58.53213958657084
50526,73.81868537071281
50527,45.51592626005723
50528,68.31766648532783
50529,119.68209926287078
50530,56.687500855891706
50531,73.22653795046503
50532,156.22072728565558
50533,51.02791062949463
50534,58.52057979797814
50535,75.05607285781736
50536,65.17117716796304
50537,43.73477458148263
50538,184.94460134931262
50539,216.138792746306
50540,48.86133718831548
50541,37.67396689399332
50542,63.00843575222052
50543,55.54817891257882
50544,65.45086672517485
50545,115.1916046332093
50546,52.7645246757595
50547,96.45824620966182
50548,61.46331749165367
50549,75.10586008956228
50550,42.92133187325609
50551,48.35860701169992
50552,88.63615196597188
50553,236.54052702221898
50554,44.773384609122814
50555,34.564190090661164
50556,73.49541450656766
50557,33.42827567881032
50558,140.00503090162258
50559,102.74780446625219
50560,151.47378781321447
50561,385.57464661863116
50562,104.14236825232109
50563,46.920797537423674
50564,49.06367980696107
50565,37.792622388429734
50566,615.7046086004175
50567,108.52386372859986
50568,53.80153014292672
50569,40.0
50570,56.29384721639503
50571,252.2541070497935
50572,223.38934514467925
50573,54.099712956838886
50574,62.042059947009015
50575,42.369985627314016
50576,97.39394857231127
50577,38.974006584021026
50578,64.4175983412245
50579,145.91316299392508
50580,86.15973683027481
50581,48.16381339559422
50582,32.59206649628582
50583,65.50709078798224
50584,43.03418579776006
50585,64.35197052598018
50586,87.58158611026539
50587,58.71060156135603
50588,30.53654248918639
50589,193.48331243532448
50590,55.334808976959245
50591,143.94906231540867
50592,49.32098369741343
50593,53.35454536104848
50594,52.27281906971731
50595,45.499462536549046
50596,63.80824219399249
50597,124.29246398022292
50598,119.72461084215908
50599,59.10177581854062
50600,51.2592676323381
50601,45.0924107625083
50602,388.96590107843815
50603,50.00000000000001
50604,103.48174394710954
50605,47.95064658819119
50606,31.852221479629133
50607,65.6369814569592
50608,42.86484382212748
50609,56.586888351056466
50610,55.39764137736506
50611,50.0
50612,31.504019130231224
50613,57.09382037328513
50614,32.2801304484911
50615,47.94029481415986
50616,78.46770743369281
50617,101.75092784157268
50618,52.09867405383108
50619,50.470899218897806
50620,59.622210400019696
50621,116.16756041083661
50622,211.57466599188868
50623,94.43527759495919
50624,91.87009268270238
50625,113.794874735724
50626,148.03824066427194
50627,102.25923367781843
50628,89.75271437873312
50629,177.21812392958347
50630,52.124236486303126
50631,444.1750831199389
50632,73.52734904389065
50633,84.40931189920228
50634,437.9782090509827
50635,181.93914088009325
50636,293.0153314589552
50637,59.99999999999999
50638,68.36250144918567
50639,37.03712037214561
50640,89.86898280054633
50641,44.7414703696993
50642,41.523360778468906
50643,52.85122218010117
50644,48.56824375372236
50645,90.68627750680221
50646,189.13461070472874
50647,68.17357872446482
50648,51.53556600125128
50649,48.189008096983585
50650,115.3734455360013
50651,53.58778223838503
50652,44.267469693235796
50653,62.82021284062385
50654,57.775941943299344
50655,66.52707121340995
50656,63.149814065493146
50657,228.06706405921273
50658,76.04898694039036
50659,123.07426031496637
50660,117.81646901792041
50661,28.5109199840959
50662,31.430586452078096
50663,41.89580603034533
50664,57.271471590933984
50665,48.444531321049624
50666,61.57364494862715
50667,36.95223077966432
50668,34.715463952283585
50669,187.21754568168785
50670,261.5424853157307
50671,38.37142200917322
50672,49.884254377132905
50673,55.19463665115549
50674,46.70880728219481
50675,86.70577983325258
50676,52.61007524072595
50677,49.93372020465177
50678,95.21354858103396
50679,86.52402562819825
50680,93.05254508397707
50681,142.84724510395108
50682,46.37556916335754
50683,65.55449491113367
50684,64.09906778512872
50685,119.52608060024848
50686,46.886376101848036
50687,172.38076631351265
50688,44.1486761010195
50689,47.85955933103212
50690,32.32123312595991
50691,44.57102367462713
50692,263.95691079120564
50693,48.62303085444862
50694,60.02838044954233
50695,345.20252069479017
50696,45.941001886263166
50697,111.93337572186023
50698,93.24398804545554
50699,102.34157506054453
50700,32.92927898166512
50701,60.0
50702,359.36014125151746
50703,41.752419217657625
50704,31.166466732784684
50705,47.096150763940514
50706,51.453098487452
50707,38.375601126278646
50708,189.32091563309893
50709,43.19936466554264
50710,47.89455718779359
50711,112.98523041073632
50712,48.16313847396703
50713,44.24913268947157
50714,161.25160704375853
50715,94.93736471755595
50716,51.68483558732122
50717,52.41558630340512
50718,164.22330209423941
50719,54.72003712146321
50720,70.0
50721,89.67593509060505
50722,148.43803073155192
50723,62.166062208812335
50724,36.90803067602284
50725,164.90222323207684
50726,47.96061492466423
50727,52.82556386328601
50728,355.07575727382704
50729,45.25847110155765
50730,236.62918561455072
50731,300.66869247645155
50732,67.37953129353909
50733,38.89392633876533
50734,303.1934231715386
50735,119.24241186975334
50736,193.77773050447473
50737,50.97182069646145
50738,110.01914861041563
50739,45.01967819923358
50740,62.28398741865698
50741,51.67868491591618
50742,116.294177372886
50743,167.33146825164675
50744,40.387012814224704
50745,35.777341498375236
50746,158.40218937460816
50747,58.21454188276484
50748,218.35587521091844
50749,53.46846804745246
50750,96.62626985525613
50751,52.428103333206266
50752,135.4346123766535
50753,91.62124663476504
50754,32.78911868060067
50755,52.539721862311545
50756,66.59847569596505
50757,39.999999999999986
50758,43.86196270599663
50759,76.93527420590439
50760,62.785408972669934
50761,69.1917524537825
50762,62.41938392168602
50763,36.50117913665054
50764,58.2253671827571
50765,47.37038781497247
50766,51.60357594452127
50767,61.78669242955113
50768,55.9277691596175
50769,40.89477390000441
50770,46.70991598783691
50771,44.564775475070334
50772,145.4318860660633
50773,34.969309107536155
50774,93.20410086138114
50775,43.20514071551502
50776,106.02453332179137
50777,97.92305822427308
50778,232.18159394095568
50779,277.88222293941806
50780,54.275525485194386
50781,40.0
50782,30.507183466418095
50783,175.7334631095929
50784,218.45195689098335
50785,62.33612917289825
50786,38.59824970420426
50787,90.86791163378521
50788,139.81516849111546
50789,53.29034026633268
50790,58.567533456311494
50791,47.37764033916466
50792,45.651015799619934
50793,40.871897599553066
50794,49.81656223238931
50795,48.72959047364828
50796,74.02493935222566
50797,53.11704179920629
50798,231.3104870815754
50799,237.7061164678117
50800,129.5889100861594
50801,410.28689248299753
50802,105.33162576983938
50803,70.33815040251883
50804,127.03456753683248
50805,238.69521819181494
50806,42.32851221130619
50807,64.96381766664157
50808,111.06074722533977
50809,55.3326174808596
50810,84.87176275361489
50811,44.66832751907388
50812,204.48575218373975
50813,99.41393155113391
50814,353.77706795136925
50815,54.6109044675547
50816,34.6769795788864
50817,56.455175583065795
50818,112.88158763752563
50819,57.52244588956044
50820,147.2900219640085
50821,41.92450063577052
50822,179.8994048314514
50823,50.0
50824,424.43159526712003
50825,38.316231093471295
50826,53.823019099292786
50827,154.31757350548443
50828,45.40082814924581
50829,45.98281418019981
50830,53.44038052733335
50831,76.62766540596196
50832,111.406609130983
50833,51.761673746764
50834,66.78160873337681
50835,51.492911600392596
50836,48.95695456816231
50837,148.95654930942587
50838,48.42475342793939
50839,58.29878036363037
50840,57.91405368978334
50841,94.5698492483518
50842,39.61562687442563
50843,98.18427927680533
50844,56.74338982619275
50845,59.030985901935914
50846,33.71140201022614
50847,85.13428429216415
50848,57.98040754691114
50849,52.13836408503495
50850,46.24100109593401
50851,30.41868734509523
50852,73.34838084707188
50853,35.45555715074349
50854,50.71916693989778
50855,78.4525749258517
50856,103.33713127258244
50857,65.72731713880161
50858,38.18803092622593
50859,58.594637589894035
50860,33.6065484244053
50861,124.96112129727169
50862,50.679315510443466
50863,105.74385055666059
50864,94.4957944089242
50865,202.9548685983408
50866,76.03189070333447
50867,48.6137954153812
50868,185.82515600611282
50869,66.62348519150878
50870,35.96905841299427
50871,59.99999999999999
50872,53.72733906255369
50873,173.2226135678514
50874,53.83274643351197
50875,114.2751567402573
50876,367.69958476245984
50877,87.41085971753948
50878,124.87858433323728
50879,84.32575960770006
50880,202.98790258763384
50881,86.4766854698698
50882,296.2989912443921
50883,123.45116023193695
50884,67.4435186812876
50885,97.13422089997157
50886,236.63881314248889
50887,87.48627794031349
50888,33.08375585847785
50889,321.9637695323681
50890,67.6380652249728
50891,53.287187102883436
50892,37.58249173633397
50893,100.30231700853334
50894,55.13401978862168
50895,53.103023072422125
50896,56.979670762603334
50897,57.16888659358972
50898,73.21024898775057
50899,52.373776134915836
50900,176.26208249862032
50901,51.42326778461159
50902,75.87580646802084
50903,60.36504768359137
50904,57.957873225780425
50905,61.58397525467257
50906,33.05630764226322
50907,57.13310173493253
50908,67.09705479118719
50909,72.28383401077392
50910,211.42101320477437
50911,57.15805768652343
50912,43.13937213354705
50913,72.02200062740835
50914,227.71497672593352
50915,61.49596848051774
50916,79.68213677097322
50917,126.73623481610754
50918,71.49763794369832
50919,78.740921964115
50920,56.52759698045957
50921,204.1381571964908
50922,286.81169557350944
50923,90.96178304899925
50924,157.0309227981138
50925,94.03830299662386
50926,223.11463164153471
50927,56.5637898550723
50928,76.16249234468872
50929,64.58181903486607
50930,56.4450365299597
50931,48.082487053754825
50932,81.09773957144849
50933,38.657583000756425
50934,91.84918805348784
50935,152.25416319964611
50936,47.776325315813516
50937,65.59011506255969
50938,119.54422519769365
50939,25.66415040828951
50940,62.164044433906426
50941,33.03706784089195
50942,81.74716234647542
50943,53.35232064971557
50944,108.53448910257218
50945,51.41240686389704
50946,54.16571845863348
50947,66.70563984068889
50948,55.76659158636161
50949,49.548598236767106
50950,86.56059066441553
50951,48.80965237450066
50952,51.76315503453417
50953,77.36080946402518
50954,31.239847103502203
50955,175.39769452180798
50956,39.671298437859555
50957,54.1002649481362
50958,139.99999999999997
50959,55.085928781842554
50960,297.08012527433124
50961,41.65581791413777
50962,108.36877800608815
50963,44.547378396981856
50964,280.2819730709618
50965,49.34982724753699
50966,52.14601088339612
50967,215.8406390796211
50968,67.02594726459938
50969,56.32325551409805
50970,196.71131716370775
50971,53.58693119153631
50972,46.543433298062666
50973,60.632675927298095
50974,129.37117099146136
50975,85.79026816289633
50976,50.00000000000001
50977,40.0
50978,57.9542251798903
50979,51.868920912945875
50980,43.2378108045558
50981,39.1029700731771
50982,99.49240412123218
50983,444.2048626956138
50984,121.29934717205333
50985,54.81950498451354
50986,131.70932678408522
50987,89.53921611450657
50988,118.95945715887163
50989,237.97241641538344
50990,42.514696441097094
50991,53.661819926829516
50992,62.62762927332225
50993,60.0
50994,35.38826203362698
50995,58.63897967457641
50996,51.72865780074497
50997,107.08209426382678
50998,53.435782595494075
50999,127.06668331435378
51000,33.26994016800987
51001,90.06735338919592
51002,58.3139683901122
51003,52.16607285678985
51004,53.737032118147404
51005,188.81687449065527
51006,46.54864232354614
51007,54.236718653987054
51008,100.51888566180168
51009,44.32608129126195
51010,291.56907415551245
51011,81.55027028337697
51012,55.53847867886041
51013,45.04272879210881
51014,114.48832426098318
51015,81.86175608890863
51016,83.99497423502316
51017,55.6368667715737
51018,48.51143828741029
51019,68.991534514612
51020,38.10217293740671
51021,51.41599188848809
51022,292.4946948381511
51023,40.267939564705244
51024,122.2310006551312
51025,31.999089433504853
51026,99.22858987161418
51027,73.11266063334278
51028,45.02946800816838
51029,66.21871040495688
51030,110.0
51031,48.31019030950047
51032,103.84240587515883
51033,47.529087973978356
51034,198.1315690906976
51035,60.11844475281228
51036,44.337947625215065
51037,197.82956940104665
51038,38.97164019175996
51039,130.85296929738604
51040,143.82023931564106
51041,38.32517270470438
51042,50.309287482597306
51043,47.8998372351738
51044,62.87308221007279
51045,178.38581715841997
51046,46.46553199115596
51047,105.90863019903152
51048,338.15026430023687
51049,67.96812500927703
51050,63.53951323760823
51051,97.9052251900094
51052,173.55144763952316
51053,42.11653514831758
51054,77.90118088604544
51055,48.537621343459485
51056,52.71088397375954
51057,93.00530571859926
51058,100.31769733811817
51059,74.70639801106321
51060,76.85394640411806
51061,42.82602359578282
51062,381.7999167472104
51063,87.46122942054298
51064,94.3163631791587
51065,32.99013377145882
51066,97.8271695934088
51067,119.94061274012856
51068,49.99999999999999
51069,198.71087467709964
51070,52.558248070698134
51071,176.24362422396655
51072,114.48567819800651
51073,100.00000000000001
51074,46.542057325326766
51075,40.0
51076,160.3234510029798
51077,274.75148914284955
51078,50.10916815195077
51079,59.16647025873032
51080,57.213175776677005
51081,66.77539838422084
51082,134.24814278645485
51083,50.00000000000001
51084,54.015996611241405
51085,166.5777752628253
51086,33.396496545816646
51087,114.83464053453578
51088,101.28498994095935
51089,158.26154394270557
51090,80.87323386713656
51091,113.1025282341429
51092,488.53782369972527
51093,198.31930943640188
51094,51.53305251064648
51095,399.0715450821261
51096,185.8354533384274
51097,197.62223356513664
51098,51.69408870753403
51099,41.07682894171859
51100,49.54887792627118
51101,43.59530347744638
51102,52.37870984806409
51103,76.34234181363993
51104,50.14686081613672
51105,41.41415889730543
51106,50.60080166488389
51107,71.2081791683013
51108,100.95442042810558
51109,51.717416778908
51110,88.04424853741449
51111,98.37406990720085
51112,51.689994498482044
51113,51.4202168510136
51114,60.000000000000014
51115,56.429849964049275
51116,83.6565560528629
51117,80.48851970277231
51118,44.90818715281956
51119,50.0
51120,58.47360396689107
51121,46.925959915249976
51122,101.3006745790988
51123,69.86288291219091
51124,35.8694954497506
51125,56.47086724000172
51126,49.277586520171035
51127,78.86832086204318
51128,113.40329062168543
51129,87.25247202751228
51130,190.65958117018926
51131,256.6854827876449
51132,171.73630788238205
51133,50.00000000000001
51134,281.3415543168265
51135,72.36641814533024
51136,101.15585866045708
51137,90.78021366681774
51138,108.29168432938378
51139,161.78052389072124
51140,73.50429858042682
51141,115.79651336194367
51142,59.36796565127084
51143,423.32439592737364
51144,62.50806172635045
51145,62.61012600497465
51146,50.00000000000001
51147,451.3302254388154
51148,41.06097060997399
51149,50.0
51150,104.27077730374829
51151,106.96544514786629
51152,58.71385788511775
51153,47.26247599927404
51154,49.528709728311796
51155,60.88655412127166
51156,61.5996589268328
51157,194.6391063069785
51158,137.69899901954378
51159,63.257621208884956
51160,85.18982421370825
51161,169.61628506818408
51162,58.36445229376248
51163,58.24691487070443
51164,49.821693244810106
51165,76.06798730805492
51166,41.44545692744864
51167,51.61706870403373
51168,70.63371530080444
51169,51.77534295834859
51170,123.01450090359471
51171,42.75828261980625
51172,80.42327568570485
51173,105.0602055347068
51174,249.16527631353424
51175,91.8310748088022
51176,39.59754462355335
51177,78.97774806173048
51178,139.45706949332515
51179,47.7106381747006
51180,47.35639708078578
51181,206.1667297704033
51182,39.494282770895865
51183,53.35224473727819
51184,39.99999999999999
51185,113.99200671459697
51186,29.20057010588357
51187,73.46885050159786
51188,197.83864504280038
51189,44.40056692027577
51190,52.110258076788874
51191,146.80013517730922
51192,85.40731334409094
51193,51.52771214242012
51194,35.19153005248998
51195,45.278024710828866
51196,63.552600636032565
51197,51.94934991052631
51198,129.48276237160928
51199,38.60677674490419
51200,339.6807000246381
51201,57.88785632872972
51202,55.50204777949224
51203,151.23512496316278
51204,82.63621845835043
51205,54.37413473467679
51206,104.14095297709845
51207,59.999999999999986
51208,50.43728445864346
51209,201.00242009476543
51210,126.18568931756295
51211,110.70335923288148
51212,53.70643467585615
51213,59.4717363927886
51214,54.71409717352419
51215,37.80408548297024
51216,41.115440016072206
51217,125.2118111005323
51218,549.6611359702654
51219,42.764338603738295
51220,67.27390337240881
51221,66.76756333229969
51222,70.68844507017856
51223,48.05588092956766
51224,70.30618181010388
51225,57.020961023520414
51226,48.74024980712065
51227,49.11250422806272
51228,45.94364859718328
51229,67.04797945574293
51230,59.20667601787553
51231,52.70172097711771
51232,103.86018622158257
51233,91.58945179563676
51234,120.00000000000001
51235,42.535231424473814
51236,54.4312523368575
51237,50.1116067611951
51238,136.94086295650595
51239,51.80072575241513
51240,50.0
51241,63.87663111489091
51242,28.48153632463536
51243,53.648071778667344
51244,51.89863460235782
51245,40.234555057703126
51246,32.61051762599216
51247,257.8665479959444
51248,64.0111071902053
51249,56.01211828901796
51250,48.8635620517349
51251,46.25422465391306
51252,45.41577253266718
51253,55.76257830709384
51254,90.3033115788508
51255,50.35916378065579
51256,50.23701621248146
51257,146.34994390324945
51258,39.807367305126704
51259,58.62504462961656
51260,58.18023874357999
51261,100.74021039362685
51262,166.95173247776466
51263,43.158863695925625
51264,38.82288249689865
51265,46.275598937951266
51266,427.6340698554293
51267,92.80931123838099
51268,50.41719537149986
51269,210.62932853199524
51270,37.46076514330035
51271,48.38803226739714
51272,66.71201854617702
51273,96.6810804989622
51274,170.00152067959206
51275,48.459549934509475
51276,133.19759402501546
51277,87.9131193756752
51278,32.98694203369035
51279,41.80716838034889
51280,42.266161725129564
51281,45.18937311424272
51282,142.88368034365627
51283,86.97587221443017
51284,130.59425108624805
51285,105.77716365355361
51286,31.93162606810544
51287,35.71003012043003
51288,177.3098562744111
51289,66.9442010634363
51290,119.93444785162792
51291,43.37194065051069
51292,45.42105091513227
51293,165.09263257797616
51294,93.10413035579812
51295,49.10108403312338
51296,84.7203756646038
51297,49.863666509572425
51298,65.81893439956424
51299,51.89807995239455
51300,56.90882719881629
51301,227.21314089533894
51302,283.0823222616831
51303,184.70458225609997
51304,64.08553249223718
51305,194.96428344775
51306,52.18195557572019
51307,66.66710447973783
51308,101.75839875244077
51309,78.965628506172
51310,65.30594447368003
51311,61.088784919902345
51312,33.57959798372179
51313,62.063601466760076
51314,96.93379418525551
51315,61.01748409333052
51316,58.10188375106483
51317,171.94995433205548
51318,96.50124862714718
51319,109.93515410680081
51320,114.36966639795962
51321,58.09749719997777
51322,51.99408296517037
51323,55.83430154486539
51324,106.09985698849061
51325,50.0
51326,126.47464012399065
51327,53.23518795923759
51328,59.99999999999999
51329,49.99999999999999
51330,57.26930228342611
51331,44.92620274045017
51332,382.3443753959405
51333,47.387324640547774
51334,629.2846771064271
51335,60.6970651175775
51336,50.30466999297737
51337,85.38481613179628
51338,37.74243717967535
51339,46.7671453715884
51340,52.030022855137474
51341,56.79675941385312
51342,114.72346998708036
51343,53.732191256647255
51344,51.25044489207369
51345,112.50431451155842
51346,53.48656827440148
51347,81.98984785147043
51348,135.7262726906156
51349,278.97820664864173
51350,93.59948712378142
51351,50.43992778286819
51352,58.26765189459508
51353,61.7320237585611
51354,36.15305544594002
51355,194.49134619514103
51356,136.62350460358834
51357,56.011957483854964
51358,51.9569870032572
51359,51.71427419230598
51360,126.03035318947971
51361,50.0
51362,49.60046690299921
51363,51.648298073465305
51364,59.78164118522785
51365,60.202250990177866
51366,104.98093809004006
51367,292.8076978348353
51368,321.0790265983124
51369,78.72516853491713
51370,54.18309342905743
51371,40.53646105676284
51372,54.28568439999909
51373,222.6308388559609
51374,53.52394456012334
51375,37.21111270876205
51376,365.1623420398884
51377,132.04383599910852
51378,60.25140485454499
51379,37.10881014843219
51380,51.58654160250795
51381,126.1084405770069
51382,41.743736241736045
51383,37.1086061901175
51384,73.39837613991067
51385,89.71285166694952
51386,77.26056263066462
51387,200.81406300401574
51388,94.30413010184492
51389,52.07303422846602
51390,116.31174723279474
51391,205.36183219108833
51392,51.91078085099397
51393,57.44502981707334
51394,43.7079237650874
51395,76.92618605012665
51396,32.36401324179951
51397,73.66211360441139
51398,100.00736610481546
51399,62.6552757677925
51400,96.04557934996531
51401,361.9735983405237
51402,49.34426596220243
51403,45.89101334783
51404,85.97281097056866
51405,48.226625520058725
51406,156.59875363187695
51407,191.65064034365832
51408,48.58865829874287
51409,231.57839986197206
51410,94.43940281685184
51411,89.99999999999997
51412,49.2132073837368
51413,49.87223379736148
51414,99.23637641764381
51415,140.38317007773236
51416,51.01061300087658
51417,241.46259931193984
51418,50.00000000000001
51419,55.76256206868466
51420,44.31848724553609
51421,134.14757558206833
51422,48.70385442859069
51423,301.57847167790305
51424,58.906907495375215
51425,37.158179311432804
51426,49.58228121694317
51427,57.04070218655209
51428,37.72854398428286
51429,41.78261449565588
51430,266.3953761864062
51431,399.31922945615077
51432,48.18830639295986
51433,59.99999999999999
51434,101.86739951599378
51435,272.6653416044763
51436,48.3758588483112
51437,49.72704884085452
51438,92.48056523253483
51439,73.50557574374353
51440,51.29047983583143
51441,101.70243258651539
51442,135.68846520819
51443,40.15409445759124
51444,59.402943845718845
51445,118.93549602979552
51446,161.3754170173877
51447,196.6416823923203
51448,51.87670956343079
51449,58.0995734652705
51450,116.17448751307569
51451,49.699764051286245
51452,116.19308642181292
51453,184.6321021348197
51454,87.36645971299255
51455,52.860490076305105
51456,54.37228043399976
51457,287.93766182299333
51458,51.7730805135842
51459,48.222694011341254
51460,55.39562684687351
51461,88.09032616924526
51462,44.5520264938077
51463,75.27125210657763
51464,46.349410621973696
51465,81.28652339613176
51466,226.29352331561202
51467,70.1836234776009
51468,29.00840369403484
51469,60.44260357363293
51470,117.5720202321114
51471,74.15447515240832
51472,38.75701619973242
51473,48.22411552814834
51474,68.31880798510552
51475,101.44332644906673
51476,221.5427729493138
51477,110.00000000000001
51478,41.876449305957834
51479,43.64741380170028
51480,54.15582046097972
51481,82.878163535167
51482,47.510242399969194
51483,63.43576687298608
51484,69.35174085846813
51485,146.6767839521522
51486,44.103472958924364
51487,40.120539796738385
51488,78.3049411756151
51489,61.16310927144766
51490,82.11536364882404
51491,131.76714284912467
51492,321.47423983755294
51493,58.414896233991975
51494,113.54311219199147
51495,148.50334770941174
51496,101.38684334113962
51497,76.99114953511106
51498,171.1294525192728
51499,38.76552208796255
51500,199.95151315938375
51501,45.110923363499616
51502,256.6159156819787
51503,218.5423320017742
51504,47.67924506767205
51505,113.9761974926165
51506,48.96424134932203
51507,392.89870363866066
51508,102.7929026636104
51509,89.48886344231367
51510,96.51157220405054
51511,93.78702910881674
51512,54.26841207267129
51513,92.13122578246758
51514,69.9079186300893
51515,82.70450352618592
51516,87.00638115889275
51517,55.89591633284143
51518,51.52616555547108
51519,56.82369961953432
51520,65.48015741939855
51521,72.8516609929925
51522,107.96024461276673
51523,41.21771369009026
51524,33.67807208839888
51525,54.488892861805624
51526,76.04967547189646
51527,100.76608435757612
51528,66.71893906188348
51529,92.94507736828541
51530,63.56283091185998
51531,55.36656317830722
51532,142.95268926743313
51533,321.5492133599592
51534,102.31041098871347
51535,58.473779899001265
51536,51.86239169617141
51537,42.1095839871776
51538,45.34330005117833
51539,44.934434436723855
51540,78.27608117228633
51541,52.266529168964055
51542,143.57601518224524
51543,90.72942366935459
51544,206.56792094005644
51545,35.423731940640735
51546,106.05062790090597
51547,90.6625533186479
51548,52.93498737658542
51549,50.41181223917235
51550,91.55606949808094
51551,46.65089293239541
51552,344.07888893172503
51553,100.64572795867298
51554,371.3372990136176
51555,27.247162694913484
51556,266.0257546478668
51557,89.11190335096279
51558,80.63896378612398
51559,51.1453082031
51560,78.70138036285394
51561,38.5177190644158
51562,69.80004580151827
51563,81.07611518354919
51564,52.30008492734873
51565,124.61091090924077
51566,125.66677543189175
51567,164.01987828371054
51568,51.80494260243474
51569,33.68032650386386
51570,68.58150027705226
51571,56.15881107904508
51572,47.880832557146945
51573,51.03126509614964
51574,83.15577127315166
51575,317.7052778381797
51576,59.45166098753856
51577,146.83781715702975
51578,142.34139120991887
51579,176.5476565523215
51580,39.79506299085979
51581,41.8156956804886
51582,38.57824686466103
51583,67.98597866693724
51584,76.65441221712418
51585,50.0
51586,41.5788741050363
51587,56.47246405812512
51588,36.20280224970008
51589,290.46278428643654
51590,43.39698314854397
51591,189.97774435857647
51592,54.875024972264114
51593,96.80031418810013
51594,37.147212656219935
51595,42.05142142683378
51596,41.760827899499446
51597,40.23756847643913
51598,123.8420356548721
51599,66.09784344746002
51600,33.06895960797062
51601,53.93102167443856
51602,64.65059754368647
51603,53.974937225791926
51604,73.75307851261259
51605,101.36224067709846
51606,70.86226520285526
51607,183.30696112729808
51608,32.59877617415506
51609,42.70681344445763
51610,48.221942093459965
51611,506.10659999835633
51612,70.7336827693665
51613,107.56593887659646
51614,116.93792978962767
51615,56.70367074663467
51616,51.22523619397627
51617,101.35123808199207
51618,117.08219652742005
51619,50.0
51620,103.95285076070871
51621,40.86835329091438
51622,48.79302787000992
51623,51.70570958633307
51624,56.05728482249634
51625,74.71123945553296
51626,73.6958461749341
51627,66.63127728815282
51628,45.80762844272731
51629,50.968439334550766
51630,45.41062431770522
51631,49.99999999999999
51632,71.35520316282317
51633,44.84855402682277
51634,236.7655663139785
51635,56.38462606015962
51636,72.74914060658107
51637,37.82328963564611
51638,212.78182857408981
51639,48.99695377155141
51640,60.52176462761407
51641,49.03927793155579
51642,39.37133413598841
51643,77.22347708958681
51644,51.66718289748204
51645,43.45858462724121
51646,52.853893099707996
51647,60.30778573666108
51648,48.62819945247759
51649,33.89471649633125
51650,46.087515259622286
51651,36.63953066301534
51652,30.63188281113568
51653,58.22470386820424
51654,58.13034321665788
51655,116.58950198673946
51656,129.09826818270813
51657,54.12905556006852
51658,48.12717981052067
51659,54.91647089054659
51660,96.39174693780713
51661,56.16657034533385
51662,55.49796982540161
51663,53.29429544388002
51664,45.12134801661657
51665,98.41828781415911
51666,45.67959884619034
51667,219.45939460940124
51668,77.57217937393305
51669,58.99443827202532
51670,36.79691076135093
51671,56.64865253367698
51672,53.61472506771751
51673,220.4073396149485
51674,349.4365156512337
51675,66.14748576834272
51676,95.0142410805441
51677,81.5218379328941
51678,69.72441800387622
51679,74.1459441113972
51680,45.513321660329495
51681,41.60792678776642
51682,56.42609365925947
51683,103.09185720145759
51684,50.511607927465604
51685,45.141315427072
51686,94.37367435273234
51687,59.99810710328751
51688,67.45941387382219
51689,53.896464551377626
51690,334.8439793374293
51691,109.99999999999999
51692,54.55806511881028
51693,45.830950332583626
51694,76.63709692346467
51695,129.3795955773093
51696,29.385197254730084
51697,53.025437747077056
51698,49.705320085931774
51699,81.36382674246853
51700,52.45445501377047
51701,702.3980782729243
51702,41.978186576144594
51703,46.189690648895
51704,52.66875940681217
51705,44.123131171486236
51706,209.9101656651566
51707,51.682186544835005
51708,48.147397978473165
51709,48.044636267866686
51710,105.4021939952098
51711,124.33205126023915
51712,100.0
51713,68.79932584006956
51714,43.22605027601193
51715,172.27360113415563
51716,173.0644699255238
51717,175.76940213438198
51718,46.5232714504141
51719,34.773787728948406
51720,456.2863688752331
51721,489.7144625058175
51722,90.00342902084125
51723,121.00113086430626
51724,44.98961383385798
51725,230.84698772106134
51726,85.91697266615776
51727,48.12004018823644
51728,45.210546378139135
51729,404.11266939669616
51730,66.40433163418932
51731,58.07617551018986
51732,153.90957018949123
51733,41.24227604350393
51734,72.95549403054233
51735,67.39380996235397
51736,58.38354563783213
51737,51.349664274862356
51738,121.28695430476213
51739,600.7230914110305
51740,46.42109728147673
51741,58.310238830200205
51742,100.26314086987475
51743,71.81516439401032
51744,36.537319671445516
51745,48.895586637984906
51746,51.75875620865239
51747,50.00000000000001
51748,53.71461640175116
51749,145.61602247630185
51750,47.92680872266419
51751,222.2101291616595
51752,138.19609464529148
51753,101.54060863419937
51754,83.83869672156273
51755,102.62796866532553
51756,67.28648571225598
51757,80.17363131089743
51758,51.880177353355435
51759,315.6899114328074
51760,63.66785652227689
51761,137.60050789199974
51762,108.58224402005324
51763,77.70116423774641
51764,105.47724076029054
51765,63.04353704148216
51766,52.06774166434956
51767,52.54997642046627
51768,95.52859248422627
51769,48.127743432214
51770,61.910948017551064
51771,46.48311449188262
51772,69.99999999999999
51773,206.11032431203762
51774,65.47721430540311
51775,51.50104877882946
51776,60.92165209195576
51777,71.76809638596158
51778,77.81588902478681
51779,58.626536102199466
51780,53.65169754009011
51781,44.95961789048089
51782,59.26254546469077
51783,58.554813060121084
51784,180.03287541836116
51785,103.6788472463926
51786,68.10901524586458
51787,48.36977134129842
51788,81.48761138608899
51789,97.90570341876567
51790,138.59318668008135
51791,33.005984020835946
51792,46.44120750222532
51793,444.00776555467206
51794,44.39865149747883
51795,81.9516686313499
51796,57.29399234615124
51797,60.14283044029606
51798,304.6014338036147
51799,125.5146943084383
51800,59.55656041850096
51801,351.6331416041161
51802,35.035179627304245
51803,54.80472093132329
51804,102.66972256824818
51805,76.32817726149248
51806,52.0378710780435
51807,53.37697587633791
51808,85.91457993780469
51809,51.82101276366122
51810,71.99175016653389
51811,116.62794384856367
51812,165.58945536089706
51813,227.6682534309503
51814,394.00500601413256
51815,71.45053262919602
51816,46.84545994263886
51817,52.420120369186506
51818,54.339335525788506
51819,101.93316730692023
51820,50.0
51821,50.62129717715427
51822,48.415522664670185
51823,43.944761458748545
51824,45.69133836441567
51825,75.78910776833746
51826,259.2845015641717
51827,63.60603191456681
51828,34.98667524478687
51829,54.76714196979211
51830,108.44358533786243
51831,70.6214310820713
51832,63.346274935083784
51833,208.25786713045034
51834,135.93717002326275
51835,47.40938296642786
51836,46.77396567487225
51837,63.02670614596987
51838,59.73321888247718
51839,60.0
51840,62.44733934661474
51841,83.32021347829493
51842,103.28557260876087
51843,81.70114004456111
51844,91.88301969035018
51845,111.85905387059589
51846,53.79692083674937
51847,65.45990003488747
51848,151.50296830689356
51849,51.45145225660616
51850,336.41121261424524
51851,61.44055910168101
51852,65.78382992865328
51853,86.15021160815415
51854,61.697113775656426
51855,300.6374563787385
51856,65.28206246772932
51857,282.5939922883209
51858,107.62652723501607
51859,67.19723655682418
51860,41.74944717879948
51861,76.26324149703517
51862,265.3226833306648
51863,292.3684690446274
51864,55.24841552564334
51865,65.42508936379659
51866,58.11458772210977
51867,40.485155489884725
51868,71.2538085595794
51869,51.94718680789138
51870,51.85058092784466
51871,73.39681384922935
51872,55.92800918430001
51873,54.33455126084255
51874,48.839842916568465
51875,118.71108229736456
51876,79.51769494075602
51877,69.24116595993348
51878,51.68342837875285
51879,63.030309120112335
51880,78.34676510437589
51881,58.79470828260792
51882,80.36895148117479
51883,135.16841221785623
51884,74.8945116239841
51885,51.941578978927645
51886,47.87353937684915
51887,117.8425050808386
51888,72.16942810947877
51889,44.78638421684888
51890,50.690013253855575
51891,51.87827586436661
51892,46.317557832174934
51893,194.41084749070197
51894,150.1455330523771
51895,43.82930785426366
51896,66.39939784034611
51897,70.3260617037668
51898,50.0
51899,322.5885719966736
51900,64.84539182728808
51901,53.10642503461886
51902,51.791405862694326
51903,55.51963454166081
51904,40.37216995666764
51905,104.42851723391631
51906,242.53370391065948
51907,88.38411451242025
51908,66.21246508195973
51909,61.65194325904709
51910,44.9217451940158
51911,101.3731067082564
51912,52.639756623380414
51913,248.18819135004424
51914,220.76105038749847
51915,94.85022491841417
51916,101.75004810511773
51917,98.75366695434349
51918,42.10741067522768
51919,55.75175632776629
51920,37.21263259032998
51921,115.51513355035952
51922,52.30767549199473
51923,206.84441726224878
51924,52.801675131048356
51925,126.2813484086359
51926,243.08007323764917
51927,74.79810566805897
51928,63.79266467388142
51929,78.67965301975626
51930,151.13037038391047
51931,101.44755197274254
51932,104.40014863478181
51933,50.0
51934,257.28133131818646
51935,43.099584917304156
51936,58.05205035343385
51937,46.63799593164094
51938,119.23697677679773
51939,51.09107294668987
51940,129.09674305363978
51941,67.38034704631382
51942,264.51162040665156
51943,51.48214240195836
51944,61.486439926949515
51945,213.52588002147868
51946,110.82830637853908
51947,255.57085638029605
51948,102.25447182133132
51949,41.362727611216066
51950,85.04090055880141
51951,65.05533740758896
51952,61.861990426416234
51953,61.296343724126956
51954,52.22573979720333
51955,51.9279723550361
51956,249.00187829067752
51957,89.42329605565573
51958,63.785808818688984
51959,54.947332026014735
51960,58.170918437343964
51961,54.91303704176915
51962,55.181721534382966
51963,64.94766035638644
51964,58.142200196868785
51965,44.84906179050577
51966,93.29247613229904
51967,53.21821884814232
51968,51.94285542141315
51969,61.694559510695136
51970,54.92737521672299
51971,49.982941269324456
51972,245.7721005112338
51973,184.10127872405
51974,229.11553646620533
51975,55.93214244712688
51976,98.47510191434017
51977,473.7430787728883
51978,50.0
51979,50.86175152803101
51980,87.59614150391734
51981,40.73247966820067
51982,51.63549408951967
51983,72.2223775865131
51984,279.5095591965259
51985,71.46859616687685
51986,365.85676143313566
51987,102.27245732117052
51988,108.01469911140104
51989,89.65587129336255
51990,56.35056050816179
51991,50.30818215117025
51992,49.99999999999999
51993,49.99999999999999
51994,204.54256901874717
51995,31.690091959761578
51996,69.38538840619066
51997,36.82124799570081
51998,64.07655451782458
51999,52.87089877290018
52000,73.70670472397548
52001,51.232823033573894
52002,49.70658217685191
52003,48.10254444090435
52004,78.83039052937481
52005,44.22194689504748
52006,130.14200226782106
52007,51.392186927145225
52008,63.97966007757737
52009,103.09791749844034
52010,276.54071682122117
52011,54.230540069765574
52012,38.433661915487065
52013,48.33283540025122
52014,50.36539673416521
52015,189.7077796710602
52016,73.8493777957158
52017,225.30273552768833
52018,54.3251457407197
52019,92.52288688612634
52020,103.64608322391787
52021,51.91181055937712
52022,83.06895546128528
52023,58.339968567590105
52024,203.77772208983035
52025,68.11201703006797
52026,370.92052723327
52027,57.87251132700931
52028,109.05806500314328
52029,112.6442263018341
52030,49.83615175608388
52031,88.19768751960227
52032,43.35222540029411
52033,52.87711211399046
52034,43.17124624350067
52035,67.96910391349849
52036,56.17690778630976
52037,41.38403053694958
52038,73.63202096542018
52039,65.16140921068671
52040,115.87980997122288
52041,53.577593240201516
52042,51.149225320678894
52043,155.39149354889983
52044,311.8685385615975
52045,86.53190504422494
52046,47.55424794445472
52047,103.34463307975204
52048,90.42870738509767
52049,48.22636486538274
52050,59.7510216315308
52051,235.81507959438736
52052,53.48635137509429
52053,302.7846629693665
52054,59.99999999999999
52055,68.74911008198276
52056,53.31444744437439
52057,58.84136802491383
52058,114.28766068651684
52059,89.0013858028235
52060,60.45193348789856
52061,96.81765199088113
52062,41.96018628311277
52063,329.30261717022665
52064,99.6801310349185
52065,45.47007622409179
52066,78.62172274956393
52067,157.17246178982066
52068,364.82711607272915
52069,38.80784152004688
52070,47.63152795147128
52071,430.3046951214783
52072,164.02366285241786
52073,30.395785588144552
52074,87.1214709417231
52075,61.16426008796035
52076,57.98940142715259
52077,44.716995108636304
52078,40.84635572677735
52079,65.08636855827133
52080,114.71503545908742
52081,56.62123230700756
52082,185.3340345339976
52083,62.62511823438799
52084,56.95612368885843
52085,57.81853727259123
52086,115.37164532751731
52087,86.40750399902832
52088,81.56947386132279
52089,40.39128878803022
52090,62.119159351435215
52091,196.30724138168952
52092,90.32396147773703
52093,38.85746493513817
52094,58.85710625430126
52095,44.872590092352674
52096,50.0
52097,88.91248682200747
52098,50.000000000000014
52099,48.62575996316837
52100,60.31774110417998
52101,84.95049960290423
52102,41.313067506706005
52103,85.46176632597408
52104,46.68520495522458
52105,40.55039155049669
52106,81.1418239516965
52107,85.90100516379718
52108,47.827655184613484
52109,136.5690430553864
52110,41.15847476879869
52111,158.67830181792357
52112,42.003326490731936
52113,120.64325013428167
52114,98.39292437230493
52115,89.29904652214604
52116,68.51027322457382
52117,57.812409357142904
52118,82.82688192817886
52119,53.701104682229946
52120,130.97320130196348
52121,290.6411868224607
52122,96.18001658193776
52123,53.56936898475121
52124,43.74244634610082
52125,291.7125611775722
52126,50.4073695177437
52127,55.87129113344696
52128,45.51854785678273
52129,109.19159253297053
52130,70.5479919623167
52131,167.13063429045218
52132,423.34436788244835
52133,55.19415046034806
52134,120.22741224592224
52135,71.71895121080651
52136,48.730425885190975
52137,41.167898163688015
52138,99.60085652529764
52139,165.297994020018
52140,79.32618996076987
52141,117.23045403656687
52142,152.6755508529392
52143,107.03556471700378
52144,282.3665741430032
52145,96.59925399348026
52146,48.34070677498984
52147,218.74669611351004
52148,58.92390016813624
52149,86.77068000682053
52150,308.84563334141797
52151,54.83688143050085
52152,116.65028782179479
52153,62.05242359260929
52154,239.96913775233733
52155,237.85947089870584
52156,46.68103543999861
52157,93.81956829695939
52158,96.45633218185618
52159,46.869360563919194
52160,44.9382731086689
52161,54.892155720326706
52162,44.61678327476315
52163,60.75325472753248
52164,37.924311954857004
52165,59.11951470470263
52166,55.139594980715756
52167,135.33295825201083
52168,66.19581813949469
52169,43.85895323987889
52170,39.771134022851676
52171,155.4600137657251
52172,61.37384219015793
52173,294.7401720198055
52174,59.90908876778365
52175,35.47727842202131
52176,51.51916049613042
52177,36.11166917025524
52178,61.53523511327595
52179,209.47345573074008
52180,60.0
52181,53.78728339930538
52182,55.076860081162216
52183,54.30588649709879
52184,51.95683621554651
52185,44.98926298265649
52186,52.16636487153874
52187,79.493075807197
52188,129.64515114867183
52189,94.09018228497146
52190,80.84768654690627
52191,100.79082862413388
52192,117.38210802746684
52193,45.14331299315889
52194,41.81751073804534
52195,52.47882614209169
52196,51.94244057337513
52197,47.347865396673235
52198,107.5522276303367
52199,36.856816468470576
52200,50.00000000000001
52201,36.48112357158827
52202,98.24839443836422
52203,101.47065936181508
52204,43.05413282193938
52205,55.945882095093374
52206,128.29849662077658
52207,86.0531270212137
52208,99.72891129353272
52209,43.874557490489416
52210,187.88320900188737
52211,52.94861661932692
52212,41.937914779414506
52213,84.13207328319014
52214,37.7251817748467
52215,58.37405182161929
52216,52.561396833366004
52217,321.6200212795441
52218,65.03104038730629
52219,81.46886665537619
52220,32.780778645919455
52221,35.552836635735964
52222,156.64543481226593
52223,107.17781260157598
52224,175.4630089889966
52225,43.02341323413404
52226,195.37005328030915
52227,45.923037062969684
52228,48.70033656780944
52229,76.63750785194188
52230,45.666997254625635
52231,78.49361911139744
52232,43.63643792382994
52233,68.97113103349626
52234,76.43448648561217
52235,76.8557816628919
52236,123.9896886236496
52237,53.011025163861234
52238,54.91738083722302
52239,42.064570313822884
52240,50.36573966217533
52241,55.659894074445184
52242,64.18415208922555
52243,45.979523436620056
52244,45.22697487759592
52245,122.710188962517
52246,57.67825777855865
52247,106.43664141043948
52248,171.09689508676544
52249,37.688466215826224
52250,187.946649292046
52251,40.22691847955481
52252,56.33520028426733
52253,93.5451873520817
52254,44.9850617286017
52255,58.54738408897378
52256,403.95213076225286
52257,67.55672661087743
52258,66.48165695039613
52259,41.91085248497897
52260,54.50548133979624
52261,52.0536380241049
52262,29.955028840072234
52263,190.47333248439233
52264,84.11612094624769
52265,52.652711870683156
52266,48.97413083673465
52267,63.767036482684006
52268,42.63113739765033
52269,118.69841458799273
52270,78.06610832604274
52271,52.60546377194381
52272,72.52265159061093
52273,166.56679725206413
52274,41.48775228722335
52275,105.59392836481186
52276,85.25020656293297
52277,61.926941502659865
52278,41.7597377427899
52279,53.41297018412939
52280,34.85574569344518
52281,48.54798646549775
52282,65.87107228171777
52283,221.88488050008854
52284,70.02416899017962
52285,141.3582269400011
52286,114.8543399247933
52287,47.57338972106673
52288,91.1860176522843
52289,49.63164507420945
52290,43.879991000626994
52291,49.525792689619095
52292,78.40220314221352
52293,350.39097017832495
52294,120.79544241285667
52295,43.9473318058769
52296,56.61902298205416
52297,47.085041141801035
52298,100.90471453168179
52299,47.665649632716544
52300,183.97031739999485
52301,274.4081234321598
52302,49.941395282058046
52303,65.83902311075748
52304,197.4371061375894
52305,120.66763033587718
52306,53.0846887235913
52307,229.6873305030241
52308,35.880382257422525
52309,63.87009391810886
52310,46.48183986267634
52311,101.9665100476182
52312,42.51584348946569
52313,86.47139133346631
52314,40.024504695074626
52315,51.16257626390159
52316,55.81130846370318
52317,109.90235005800912
52318,39.97761057264881
52319,40.434892025187
52320,56.757747755860926
52321,50.17183633248623
52322,128.57367230472292
52323,58.33421479043237
52324,55.923411166035365
52325,267.4494512672811
52326,40.0
52327,51.85074268449646
52328,60.00000000000001
52329,74.3459574619577
52330,58.558825734141706
52331,337.502998617688
52332,53.42796514870106
52333,54.24232957561098
52334,71.41260468894855
52335,105.58195162998398
52336,53.57539512547809
52337,32.11982328172571
52338,122.02600541821468
52339,380.5255524503579
52340,58.207155100463076
52341,103.87451025655348
52342,50.841826689499165
52343,54.696936714986556
52344,115.18480757058282
52345,55.08481286556931
52346,89.28129659274673
52347,188.59038393653657
52348,150.94196857415272
52349,77.85845819516358
52350,162.04943186174623
52351,38.50954145003202
52352,48.12729210280313
52353,43.17047949808903
52354,60.31252876268114
52355,133.46828924112566
52356,39.330401227452136
52357,82.12476681058982
52358,211.99738874028992
52359,56.85529027967612
52360,75.35679181089151
52361,48.08219961288913
52362,176.78447093295674
52363,68.10853378977183
52364,313.3744828711722
52365,62.54396081393458
52366,56.04085194913045
52367,51.62346258950033
52368,120.0
52369,59.99999999999999
52370,128.07986708159353
52371,45.27151810504168
52372,51.60545555740874
52373,59.999999999999986
52374,54.317077009823755
52375,75.05752337983704
52376,46.67730638177828
52377,111.58009421618424
52378,76.9278831135655
52379,170.1003954909169
52380,46.273397580727945
52381,55.43432247279763
52382,64.21153375627101
52383,178.8872424285731
52384,81.12338612720504
52385,179.24968152094195
52386,162.28395013375206
52387,156.0333107057711
52388,190.06916469636118
52389,58.55967818975144
52390,231.7310455086739
52391,154.18483363197794
52392,225.1557073638063
52393,120.26647471674492
52394,217.80513074739255
52395,115.81421694856056
52396,35.74704205411676
52397,48.06985755771569
52398,41.221705572091736
52399,61.44245958149804
52400,38.196020311761465
52401,77.03407154993376
52402,40.84672727369573
52403,52.88637247360401
52404,135.25699519430754
52405,88.69534928520545
52406,101.70489151123255
52407,62.21306154541401
52408,53.880303855649764
52409,55.57370831000757
52410,43.508444534164695
52411,43.93978393038911
52412,132.553915934393
52413,68.31027508980047
52414,55.54653203288305
52415,49.57341487961488
52416,113.4172264573806
52417,121.23496686511929
52418,117.28299335957743
52419,86.61710981622693
52420,72.21853444164599
52421,42.72003282448344
52422,51.97108357570658
52423,341.6867324467529
52424,54.624548579541106
52425,85.74341569279454
52426,87.61382621167415
52427,102.00204729802778
52428,46.077470371733895
52429,51.77982106807988
52430,48.53819511549431
52431,51.62734833259723
52432,259.9169636297459
52433,48.40100357261826
52434,53.063013066802164
52435,105.14419533947844
52436,145.40793674079785
52437,56.59213445929262
52438,52.31673155523158
52439,56.04005898031768
52440,219.5143015153336
52441,53.65069062137112
52442,66.46698368860962
52443,81.41381409688461
52444,242.72281430725013
52445,55.94325639615207
52446,56.54269553900101
52447,165.83753908623265
52448,54.672977314698564
52449,103.35480904112289
52450,49.66792684989771
52451,57.63941960821745
52452,162.2686019603869
52453,51.60129453498046
52454,286.8823165381526
52455,55.212215778288964
52456,52.54147190229184
52457,56.43872602764205
52458,51.643300639697266
52459,70.75421136908736
52460,61.2673617704327
52461,57.28585765200795
52462,100.03190885372592
52463,45.93211959383593
52464,38.83819936251319
52465,103.4452618247381
52466,87.85845967911489
52467,53.44874872552553
52468,22.96017941980819
52469,78.90100413793333
52470,56.528791626156924
52471,41.65040314497129
52472,52.98332281096236
52473,463.7321878021246
52474,76.26435250347684
52475,51.2320171032097
52476,48.26002826568565
52477,36.27173224193792
52478,51.38550789089024
52479,53.9098409219159
52480,220.52969470993773
52481,166.85108314511427
52482,54.577681795331166
52483,53.83153282412542
52484,41.78419562678622
52485,48.942449381587025
52486,44.21964182594875
52487,61.84968574525165
52488,46.98809616116388
52489,154.20657915070544
52490,107.0117317295768
52491,38.63508821554293
52492,161.51830991251492
52493,75.07114725501383
52494,44.9202390080484
52495,44.364730795919726
52496,55.48389301452295
52497,58.706526183663605
52498,55.63232078167036
52499,53.587541817963974
52500,104.96071502914914
52501,41.145341014010064
52502,53.58917513364839
52503,88.6981967275848
52504,61.712378795529226
52505,82.44239587058871
52506,65.71899530052325
52507,83.16020139223716
52508,195.72515344412446
52509,42.34462313134145
52510,46.75066439313836
52511,37.71896971095107
52512,130.35763150014878
52513,44.41159354332784
52514,31.284976116774324
52515,97.53066475996867
52516,101.70470924779818
52517,82.39845258375345
52518,246.74641483671465
52519,66.91704880387508
52520,36.980782990641195
52521,47.67713376822527
52522,48.32839241928089
52523,45.87734338153765
52524,272.58400817756615
52525,85.87454656126084
52526,78.74720638241423
52527,249.2842257718986
52528,126.72663779211591
52529,177.59306861421922
52530,120.94234277237327
52531,138.05973548432496
52532,43.662613703063855
52533,43.80627570615635
52534,57.766338771532496
52535,57.07873052678278
52536,106.6092585802577
52537,54.05937753894225
52538,109.48436597025128
52539,50.18852908793411
52540,126.35908671011033
52541,49.88996867108863
52542,55.15806100748073
52543,48.42137397549331
52544,33.93688986955258
52545,42.743029674760265
52546,44.41149963443383
52547,36.02815292400765
52548,35.11928667112358
52549,84.72215630767576
52550,48.93698486532392
52551,44.49116344011806
52552,82.91480059693382
52553,103.99750459856321
52554,55.331450867596146
52555,58.380816873329024
52556,60.25094511032312
52557,106.52113818464926
52558,167.13960981689647
52559,85.45819016639491
52560,56.716568339587766
52561,50.0
52562,49.73020570259735
52563,60.42932350687698
52564,53.78952903376252
52565,53.78727545486085
52566,231.36654833034837
52567,101.22318893802361
52568,349.1520364618699
52569,51.96183693144653
52570,176.5797999014159
52571,41.70066440265726
52572,75.97134888188147
52573,377.20396620314676
52574,48.73539187609367
52575,41.73077688314235
52576,56.830185482243564
52577,100.25960751972663
52578,43.627442006709664
52579,77.62306760730456
52580,231.67792903766474
52581,59.399948152283194
52582,29.87592456885658
52583,61.90888005490922
52584,57.09206466817256
52585,51.422693959742105
52586,48.25999970498451
52587,76.1331382144235
52588,57.11006165391032
52589,59.99999999999999
52590,114.75228801225188
52591,222.65468801720056
52592,52.252980736449906
52593,71.35989660490047
52594,115.85083870385925
52595,80.27241787116075
52596,50.01998013580856
52597,54.65048972246261
52598,58.41453625367797
52599,94.88698862856162
52600,123.048759329589
52601,55.78851519258793
52602,100.0
52603,50.00000000000001
52604,66.95177523593267
52605,91.75286416831388
52606,86.49575359016876
52607,58.26698805662583
52608,59.99999999999999
52609,119.8651245392002
52610,91.92965031625276
52611,155.87787777324806
52612,160.7050191690941
52613,46.187460912542655
52614,71.83220475448005
52615,50.38186523286816
52616,48.57817506039474
52617,479.4074938410219
52618,325.6567247721009
52619,400.86470838313755
52620,181.02610214250979
52621,433.16507609929005
52622,42.88257569686732
52623,48.27026211783885
52624,281.08299710087067
52625,31.895710887422588
52626,71.14933307208051
52627,45.80911322936056
52628,80.9933522318157
52629,76.12456939003536
52630,128.36587889934304
52631,101.79260671000152
52632,46.857870408340474
52633,64.89042200056684
52634,80.00000000000001
52635,211.2412379533603
52636,77.7598024733538
52637,133.5267421757199
52638,69.41863679224029
52639,44.020341609011574
52640,61.383670471228484
52641,54.466784912717294
52642,55.12045865099979
52643,266.7085922884515
52644,99.10898168984944
52645,68.54529842104041
52646,61.37555287768686
52647,63.479920246857304
52648,130.28411651746018
52649,67.70089671602732
52650,109.02899200128756
52651,48.44943709411903
52652,153.19028115325816
52653,44.515850754878535
52654,55.852627468875085
52655,98.351613897471
52656,51.52432789737666
52657,81.65598742256738
52658,37.7787381118242
52659,53.486360337759784
52660,135.64431770214986
52661,68.23039662626124
52662,253.7704175232719
52663,94.88744379674526
52664,48.347288715141666
52665,54.73747337287581
52666,183.35563858598817
52667,73.45929311754813
52668,259.11886945119767
52669,89.19198425850185
52670,41.9404180039646
52671,73.99409434771643
52672,71.67851289194037
52673,53.27040688816026
52674,50.07661997482921
52675,66.81687657204753
52676,44.07933158996373
52677,262.6218777788077
52678,150.69022418982485
52679,148.10226515377818
52680,32.3860644921548
52681,55.924911443054334
52682,51.58925586342924
52683,128.45134383585057
52684,55.29069272638616
52685,126.19642937571231
52686,41.580835663924695
52687,194.26590975331428
52688,43.07027138501608
52689,53.85575790097361
52690,251.93128327769202
52691,96.22911633236193
52692,78.5961813372641
52693,59.43883254849746
52694,59.85041424004211
52695,90.88203678339961
52696,53.469308856853324
52697,46.248672074909884
52698,48.632364929311024
52699,70.4920005908985
52700,48.18140049819026
52701,49.52791659290119
52702,54.8605471001876
52703,50.94388788656322
52704,81.52885245052758
52705,409.5904626989483
52706,74.05699498671854
52707,311.6952681445246
52708,48.76054809257453
52709,41.747179090807116
52710,43.52435870143172
52711,182.2231377425234
52712,44.448420806678484
52713,78.75910418969653
52714,115.51348326724488
52715,61.7337514575621
52716,155.72558935199496
52717,50.00000000000001
52718,60.0
52719,267.7672535572015
52720,50.0
52721,44.29543834441422
52722,186.3627314703185
52723,37.530762319530716
52724,106.8021298117498
52725,47.51310395242166
52726,49.677956290211874
52727,186.08153194707108
52728,67.40841670905307
52729,43.62424451376257
52730,41.90841766005613
52731,76.40355593267292
52732,49.23904128982807
52733,68.00090749226888
52734,61.10465033248637
52735,464.0171087557499
52736,100.89445649091961
52737,109.048284643005
52738,60.0
52739,54.669943383906876
52740,60.00000000000001
52741,50.0
52742,51.77117151395922
52743,78.4513656181703
52744,69.80107616114466
52745,41.21111386975993
52746,99.66549954355918
52747,91.18662344428962
52748,42.40687650140582
52749,65.53288560606472
52750,41.055665286658076
52751,95.95324320200666
52752,82.70271443663296
52753,35.78776667854757
52754,46.77176735304618
52755,40.63847181459185
52756,74.25556656304087
52757,64.41254667068903
52758,129.25756371290126
52759,240.79100776047184
52760,52.42033364309287
52761,47.02939479224125
52762,56.868758562047205
52763,57.64170495040894
52764,311.6609475042526
52765,80.85145728702871
52766,108.54021178446018
52767,30.76533261870742
52768,47.73055843847824
52769,136.87058419786712
52770,96.3390371683055
52771,51.57594893456881
52772,46.670607468799666
52773,56.54179080593729
52774,121.95367334336702
52775,46.91254828717543
52776,79.99999999999999
52777,352.02838402969843
52778,54.38306187300707
52779,50.54055355553858
52780,60.00000000000001
52781,62.397666080858535
52782,101.59344012414095
52783,67.93336716255088
52784,53.737472625356745
52785,166.63632891728085
52786,52.752350441162335
52787,46.20697389352654
52788,96.48143554182464
52789,56.87272254640421
52790,318.8445065508632
52791,43.07927233670966
52792,41.823653752708594
52793,180.48660314180606
52794,124.09898612921022
52795,47.71828327651755
52796,77.8091939852357
52797,54.6547292633933
52798,165.52306963606907
52799,123.0769053772285
52800,48.39661232867314
52801,104.6470352907502
52802,416.15588107765717
52803,40.657476774544506
52804,99.6052903404035
52805,86.58559072471115
52806,128.5462970929775
52807,77.58336425391663
52808,57.602914422642165
52809,164.6950735591799
52810,63.07174040266529
52811,68.9435240898506
52812,97.03652653585488
52813,48.640239781357465
52814,152.19292193192607
52815,158.69472663717383
52816,299.77255624926084
52817,122.26389337434976
52818,50.19467307588931
52819,384.89520703669154
52820,41.73262211181032
52821,104.96807077331279
52822,63.78649488197522
52823,41.70410380569227
52824,38.81172378280377
52825,46.79548443503424
52826,36.43393796364609
52827,50.00000000000001
52828,44.16626277893777
52829,60.0
52830,49.614420752718196
52831,58.98408262063444
52832,107.04331969605883
52833,222.7463291383941
52834,102.68403962619446
52835,55.00547764966853
52836,38.42289647248956
52837,60.6077352909431
52838,50.0
52839,76.1674723087511
52840,53.30257754829998
52841,284.7599262100384
52842,59.962987603964855
52843,55.24176721832325
52844,52.882238811255625
52845,83.00620222247014
52846,58.38853206867986
52847,35.59649471438195
52848,41.16214498570234
52849,43.5763885199512
52850,98.74173733966242
52851,54.20146199249618
52852,56.228815322323385
52853,59.99999999999999
52854,48.11796971402877
52855,43.68696803181249
52856,155.53196407006203
52857,311.6552894608514
52858,113.37514457314747
52859,212.13543382059265
52860,59.322481391899004
52861,33.72665792291453
52862,45.15780157115102
52863,48.75403903138131
52864,58.05734315538128
52865,183.03606609076607
52866,86.03281670567485
52867,53.7921561716329
52868,52.135119664153166
52869,50.00000000000001
52870,80.93652941034546
52871,165.61887839912475
52872,252.4879799471044
52873,94.92548610426958
52874,54.51611041841582
52875,43.891685677038524
52876,324.7140971555031
52877,58.56316793652146
52878,61.356412562455645
52879,61.93273016578326
52880,44.80400439136296
52881,53.85189580047292
52882,88.41281788008287
52883,91.21267831811524
52884,116.95977346944352
52885,67.4284523185674
52886,76.93672640343328
52887,48.363930456487545
52888,91.96271190414039
52889,60.0
52890,76.16027174979449
52891,54.7695333955182
52892,42.5551742131336
52893,83.03636184473957
52894,35.76704206192504
52895,37.450354377779135
52896,48.24906019285931
52897,43.7237108644372
52898,53.64373703736361
52899,58.70200282631514
52900,144.21741273994684
52901,84.61712090585974
52902,98.00076954197132
52903,69.05980274297312
52904,44.11239806766342
52905,35.065200629048334
52906,65.64502630466409
52907,57.9409458972607
52908,35.099924412327454
52909,290.8761276114941
52910,40.0
52911,33.93692468260678
52912,209.53886310408882
52913,51.62271611327099
52914,161.58030338297738
52915,48.17041929410665
52916,67.00073221603826
52917,404.49463597048674
52918,73.55816204405976
52919,152.56172467233532
52920,220.8678866953369
52921,38.07719656456338
52922,123.5651326295431
52923,53.09805323912403
52924,68.24153947967844
52925,75.03506520696554
52926,56.9875292344441
52927,52.0862131720093
52928,254.665551634356
52929,62.61493498801997
52930,52.30706962916593
52931,63.74148959286654
52932,47.34743739859741
52933,47.96368669567183
52934,111.30145198093504
52935,163.97079257590286
52936,55.94217614281026
52937,111.74705029045957
52938,163.00326551343193
52939,59.35969542054883
52940,41.55732721035808
52941,138.36132675635585
52942,145.59621611209712
52943,67.82457243946746
52944,45.10791896998654
52945,47.82179194223283
52946,57.46966345858751
52947,36.80485904637335
52948,40.75467590574631
52949,142.8163586079417
52950,50.374290734076425
52951,55.867356117598646
52952,29.70994260542634
52953,51.13954769251507
52954,110.35138856724211
52955,29.594704456490692
52956,42.794867102964865
52957,80.35252851733199
52958,58.48238931455541
52959,113.86256755265737
52960,25.667529329389613
52961,54.778656971903104
52962,62.747402298297594
52963,44.84790973220305
52964,134.60147351451988
52965,56.40906425458775
52966,331.6909604829987
52967,54.91413553335539
52968,274.71601446033907
52969,50.48160917417771
52970,58.27958571298595
52971,55.33207719361105
52972,67.9911263366964
52973,285.81190206491067
52974,214.60097454551598
52975,297.0074015222657
52976,53.347691403661614
52977,71.16067225781818
52978,168.1919608101129
52979,42.63265102917445
52980,48.22561662868669
52981,51.76890734904004
52982,320.63355066447457
52983,73.51120389644979
52984,58.56734404174853
52985,63.16352578920559
52986,39.881459683416494
52987,113.25242906095279
52988,277.17663323747865
52989,64.27809158857255
52990,34.73516063165356
52991,57.75032509160885
52992,44.46988130359093
52993,342.82799723033827
52994,52.12275914547526
52995,42.939151757495026
52996,67.75619730985272
52997,37.34503101726307
52998,192.82030896075509
52999,59.245901475712586
53000,42.61502115529805
53001,95.97628099541271
53002,127.580446814754
53003,221.6551722128177
53004,254.01165595860542
53005,69.74715700781773
53006,58.173837737825956
53007,41.54440761019954
53008,50.0
53009,48.85682108279708
53010,62.34284923549658
53011,104.61454377278376
53012,46.50543180317712
53013,134.24140127519317
53014,373.90081062124386
53015,43.108497509548975
53016,256.5625134073338
53017,47.34137108733553
53018,26.865037805453277
53019,226.52344499118487
53020,113.99087595978588
53021,79.06532967754126
53022,264.55724073637475
53023,83.53734221265422
53024,41.420999317781444
53025,83.23347540451884
53026,38.46222468880013
53027,70.15361759848093
53028,110.32471122779646
53029,58.107891810438254
53030,34.87719079802636
53031,96.36889410762626
53032,43.75029986490634
53033,55.14871133276004
53034,269.74518418051866
53035,73.88782279705586
53036,41.042313706489495
53037,84.13326119538128
53038,58.40469155111176
53039,74.68985771257856
53040,58.0951475568607
53041,233.6125605547975
53042,110.0
53043,119.0220334260386
53044,56.5940832359788
53045,455.42629396746366
53046,43.55031156616147
53047,155.8692028994502
53048,53.95173377827671
53049,52.26741493497732
53050,157.4941877080392
53051,39.43376925988099
53052,109.89810285671096
53053,59.97915943394362
53054,71.74660241471345
53055,65.04219046966607
53056,68.36104890941343
53057,70.1602017567575
53058,448.77666655154593
53059,70.95060535683933
53060,274.24833658771047
53061,53.15977634497362
53062,125.49500670290348
53063,49.79283234195322
53064,113.07776206478331
53065,50.47524815670686
53066,262.1578085437687
53067,352.1413022819656
53068,338.6065999227857
53069,45.480389711789535
53070,78.16077158714015
53071,64.45389692794309
53072,160.01304687434816
53073,80.86014951536846
53074,52.86380514419109
53075,53.42125301092396
53076,103.54201553881872
53077,44.66343021764208
53078,56.12025768282012
53079,119.0042795948405
53080,68.24983438944454
53081,61.51721602185151
53082,119.83714769652032
53083,54.71532433110216
53084,48.399676504949724
53085,230.41973946102448
53086,43.544076326476194
53087,67.08628741809095
53088,82.59047312255795
53089,84.74633451024266
53090,51.69401211583779
53091,48.77218372509826
53092,76.19057925434343
53093,159.88516130105359
53094,49.14446417996726
53095,60.12117664883794
53096,95.11471881101042
53097,115.51083068120862
53098,221.16998492129918
53099,91.02762636400053
53100,63.70080284290283
53101,54.154044284311006
53102,58.90917996048072
53103,245.66938531666221
53104,35.2041217849472
53105,55.497605225776034
53106,49.48577531236365
53107,70.4913965153237
53108,49.99999999999999
53109,50.765736811744546
53110,198.7036756914818
53111,192.8310213190619
53112,183.5576663783759
53113,127.52168171475327
53114,594.6321961809533
53115,71.64833742713029
53116,60.03654811569461
53117,51.70355634214448
53118,40.99623427759918
53119,181.36066916026058
53120,85.48139357967996
53121,70.51674085931326
53122,69.35471831605635
53123,332.4822325519594
53124,50.81058823465388
53125,83.81660519400697
53126,55.761295086326804
53127,65.65283137664821
53128,61.80965222737745
53129,70.29867659653752
53130,49.26561514339524
53131,39.80642070413957
53132,52.935735760956156
53133,60.0
53134,59.47607062133747
53135,114.70987193080423
53136,50.0
53137,54.71273482001306
53138,52.52688353386424
53139,58.40221335112516
53140,82.43112878390349
53141,79.08845634263737
53142,118.42279732500012
53143,36.26430075386679
53144,58.04700231675156
53145,183.19365628826628
53146,58.666594288321505
53147,128.7937617424522
53148,92.74013695865766
53149,103.92428617509228
53150,49.912972399138916
53151,191.98175993074665
53152,61.15063418125713
53153,55.15731562073978
53154,77.13875030131831
53155,120.83065038488554
53156,46.59818512440867
53157,58.17630713965882
53158,49.99999999999999
53159,41.572932678218436
53160,464.93976221273124
53161,272.51760417872003
53162,46.711064999340344
53163,91.81430422105865
53164,73.49531311866785
53165,58.17639845498461
53166,51.68804516920463
53167,60.0
53168,332.30530373881794
53169,99.68749429466273
53170,55.20611814763176
53171,53.32654300656415
53172,95.10787773617197
53173,57.23762280526694
53174,51.89527833350334
53175,276.6573115545376
53176,52.95596611537863
53177,62.613046149702114
53178,63.65822983431826
53179,98.71244161824012
53180,148.34130170615032
53181,251.66013052621886
53182,57.142277791581044
53183,39.040434700642315
53184,61.21431465589604
53185,59.151575185336505
53186,74.94248436943214
53187,53.03470408515752
53188,408.2638131072283
53189,23.93743126865461
53190,43.375629049902
53191,51.4959720207407
53192,47.65252612562582
53193,287.24460063808584
53194,116.94446653909841
53195,50.870233822147135
53196,102.94083531888982
53197,43.15839994453716
53198,58.95265310453689
53199,162.71255879899957
53200,58.22149701029862
53201,127.28854219677065
53202,109.70880763478384
53203,51.94640826849362
53204,63.38208051141719
53205,60.0
53206,49.29468424419851
53207,138.63164957834474
53208,42.75540492016048
53209,42.84367088520312
53210,83.68496290720522
53211,128.0119374042049
53212,82.23140695422417
53213,88.26626164581197
53214,76.27028430190146
53215,53.524754968149395
53216,38.50599796296277
53217,58.09804125315415
53218,37.42946931062286
53219,112.74265254218626
53220,57.667667280726164
53221,62.60246480884756
53222,75.95641244338438
53223,79.15335712958733
53224,73.1000836930255
53225,411.5353258943527
53226,182.97812920653806
53227,47.597852182085376
53228,66.83642083667317
53229,46.52262151184738
53230,35.48422408801002
53231,110.7894935802197
53232,74.85336158211493
53233,128.44045108139744
53234,61.68105946512056
53235,169.23768762360754
53236,381.58007208229606
53237,60.16403613221179
53238,52.987014851816774
53239,66.0576163409331
53240,70.33284688280237
53241,90.60640283908151
53242,75.36559669196107
53243,111.42480530533925
53244,55.36766293968785
53245,54.793447811028635
53246,58.23822991426112
53247,56.86477282221087
53248,31.92913260667554
53249,55.798013571354154
53250,74.25343674358145
53251,66.23564614471734
53252,274.61285479780463
53253,51.31412550670253
53254,56.09030679840151
53255,54.919400092352625
53256,295.1491291676462
53257,99.88712912262606
53258,53.85446508325632
53259,73.37936281042099
53260,109.75242795307024
53261,253.04531823241248
53262,107.0884980545241
53263,126.35811908927037
53264,84.75003839538452
53265,167.45114933811362
53266,111.97594997353464
53267,43.95747273401725
53268,95.2764267245376
53269,51.556171921853014
53270,208.48996060610403
53271,61.27183512258017
53272,62.32245091958031
53273,46.52121773587892
53274,413.35899585837103
53275,81.38306261904515
53276,95.04199275817658
53277,49.99999999999999
53278,159.99091072232386
53279,304.47491681814125
53280,55.23300125861513
53281,51.72664000294407
53282,44.933976242958146
53283,47.599082829998245
53284,56.85720367398193
53285,47.89067461128886
53286,69.83011145550473
53287,49.78557056484
53288,54.734217337947236
53289,61.89112393911027
53290,31.61642468418069
53291,75.11443861622996
53292,38.8307925752301
53293,92.22872753313372
53294,38.16983094854151
53295,34.67633656675668
53296,48.26948017269722
53297,42.671006278181345
53298,101.53657009269135
53299,57.61689636007839
53300,113.9841266763058
53301,51.76773930685713
53302,53.94357477471508
53303,66.13216363546174
53304,222.12179866551355
53305,66.82134503175483
53306,43.322094706425986
53307,52.71036059953228
53308,98.78311757994044
53309,67.7124612134989
53310,170.49778813525566
53311,46.98040316570669
53312,54.27686201009838
53313,51.05821032162942
53314,41.95404815149751
53315,28.24439974942658
53316,51.60760873514843
53317,295.3419298310889
53318,158.00599567774
53319,50.0
53320,55.04388790561818
53321,177.0863037044526
53322,103.02115339844704
53323,112.18476944501322
53324,83.51125111734332
53325,111.12662439303266
53326,86.53087854131941
53327,334.0326556104534
53328,51.01929757201577
53329,173.0168722130333
53330,96.72214765963993
53331,76.96564994252181
53332,49.65017045805543
53333,50.98107134566735
53334,49.99999999999999
53335,68.31417572254801
53336,53.192928953167566
53337,65.50027018440454
53338,51.57567190052184
53339,290.0132748099103
53340,82.54668097178602
53341,383.9843107762233
53342,97.98602553046922
53343,103.55945764731686
53344,56.80519958997989
53345,43.57616096325403
53346,108.3897501395575
53347,344.58220037413247
53348,76.7873593430614
53349,270.85242001826333
53350,115.25483812694843
53351,292.2195998736702
53352,39.36593145413106
53353,124.36418435415148
53354,53.58462137643016
53355,50.30376351604531
53356,43.8655987261586
53357,67.29373467266959
53358,40.716894993174826
53359,547.8283015891582
53360,67.05787291738056
53361,51.321480038155244
53362,283.37558221500075
53363,31.562480120171514
53364,140.41694107470056
53365,38.4475621998699
53366,49.08923258561026
53367,33.69396304762575
53368,79.92710061631239
53369,27.329452894577905
53370,153.59372677491956
53371,93.76991026030254
53372,53.883568034022105
53373,96.89628771579562
53374,75.87334388234899
53375,60.89968198427085
53376,62.80916550056406
53377,78.60055934803361
53378,179.94629695680393
53379,76.77740421593576
53380,82.3582440176989
53381,66.60479336914854
53382,47.214617291251066
53383,70.16066024019452
53384,49.91377001180684
53385,381.20081385904837
53386,106.96988033353435
53387,60.06873502277785
53388,66.34522403514379
53389,76.9727168395446
53390,41.95438473910697
53391,90.95132256339988
53392,40.16859797160557
53393,51.260865216307934
53394,46.16998998016382
53395,54.446144986639325
53396,50.08006433369001
53397,31.252155882766253
53398,26.031989970190917
53399,47.90939294928463
53400,37.30484879827872
53401,95.54916648669035
53402,53.75636316041671
53403,66.48734402713909
53404,119.26862992896754
53405,266.8561108257311
53406,77.57257535066198
53407,51.48422195134063
53408,61.912359129340764
53409,53.791611097539096
53410,36.2502939196609
53411,54.91784152168434
53412,39.86030159787696
53413,51.6587312131733
53414,79.69442747985492
53415,49.95557081515084
53416,153.23728367924878
53417,64.18432449717866
53418,75.65452218217075
53419,55.18872984109471
53420,73.2057300618408
53421,167.49187550311035
53422,298.38999564234064
53423,140.96869097302363
53424,88.75661218941877
53425,257.7232595929119
53426,62.0230774843644
53427,154.00519430820174
53428,108.5665747776714
53429,52.99586614878927
53430,67.12478476852557
53431,53.28171768166692
53432,39.153471638923115
53433,328.3787526557466
53434,211.16399268998714
53435,48.18635357808866
53436,58.54979674585773
53437,39.99999999999999
53438,39.7955022722719
53439,147.8725190800226
53440,58.41868058310676
53441,87.18403549718536
53442,56.1615795068478
53443,26.032756007250608
53444,40.170046688658765
53445,38.36076350500444
53446,48.213025658213205
53447,45.31681552032043
53448,55.34005876540575
53449,109.28250632585008
53450,58.014703155105785
53451,58.444714610221965
53452,126.79509266065965
53453,74.06824587936411
53454,123.68860611241497
53455,64.23348453169966
53456,55.73598155878954
53457,73.5744025902374
53458,231.18909203484128
53459,62.83205346650302
53460,39.60497983657214
53461,121.13581695179168
53462,96.87950646751997
53463,55.4699514783847
53464,100.97057178065324
53465,43.90524192510519
53466,85.47371901464386
53467,31.01504391539028
53468,366.31594186720275
53469,76.97897581003149
53470,257.2398415441704
53471,337.5557084851971
53472,36.20114078675957
53473,46.64265624630998
53474,42.13244037964993
53475,66.12983451981567
53476,45.37344852531937
53477,243.5211420768399
53478,71.17329134921438
53479,58.279535050538385
53480,114.39587755630335
53481,113.76838324158648
53482,71.87158559942404
53483,48.14991171782073
53484,83.9448135691361
53485,207.6560527284307
53486,195.16151579949323
53487,43.54468435573557
53488,72.08334267762613
53489,210.8075203066572
53490,52.85508337844216
53491,59.663060500050314
53492,53.083704489134426
53493,82.32268697047398
53494,57.319106987336795
53495,133.4365850097943
53496,110.81401722948983
53497,110.40576089096201
53498,50.37688306043927
53499,39.40517448297497
53500,50.00000000000001
53501,202.9813271081486
53502,54.361968372630166
53503,54.89949810973923
53504,564.0976263660644
53505,96.44147029694442
53506,83.66972826497013
53507,246.2241114217428
53508,56.351117902260484
53509,48.9886566579065
53510,55.20126326328046
53511,37.39696656598344
53512,107.4544546031956
53513,44.86770684413802
53514,74.98911903366832
53515,51.756048425095905
53516,102.98150827108006
53517,238.63835880557602
53518,44.609733169388925
53519,54.43850308128537
53520,64.81610256659086
53521,35.12886853088015
53522,63.53445300333247
53523,61.09258769671827
53524,54.98687562048597
53525,33.52651282747819
53526,37.16222071428702
53527,138.73317270582316
53528,195.72336591950207
53529,50.40920823670716
53530,38.00609454133295
53531,51.169318295764725
53532,93.5040149691199
53533,60.48795534948919
53534,58.68910285875977
53535,87.56179458433903
53536,134.54921767546278
53537,57.597479797827695
53538,196.78333948231287
53539,164.77055844683576
53540,51.44432882333836
53541,156.91271336295037
53542,54.42904302667234
53543,197.78815489172086
53544,56.114625024823056
53545,124.68325975776364
53546,48.68957463111938
53547,86.35673098871627
53548,140.0
53549,77.81658708905395
53550,51.1354215107454
53551,264.1532181099336
53552,64.25010442958235
53553,44.783115272384464
53554,55.115842602439876
53555,60.83114013316002
53556,51.30468757157133
53557,49.919166092437486
53558,33.444262685477916
53559,56.05849472482285
53560,185.00437631138487
53561,60.550769082833554
53562,105.20467849662897
53563,50.00000000000001
53564,56.28255285965462
53565,108.22791555182481
53566,54.425698670487286
53567,77.53139793403052
53568,64.98698584998056
53569,87.87754978320383
53570,98.64092057402803
53571,60.00000000000001
53572,53.779997210162925
53573,61.58892781793717
53574,45.14040488053375
53575,40.0
53576,81.40486228409961
53577,91.63286628258477
53578,120.84931675494093
53579,75.82650524670844
53580,109.26184096586708
53581,107.2231263481416
53582,65.32032113681407
53583,52.92179348245786
53584,88.45809412743723
53585,150.0
53586,40.63794796732945
53587,53.4294642615534
53588,50.86386742385557
53589,55.10449364753464
53590,57.82872457564143
53591,367.90535387733763
53592,102.2186503027056
53593,307.95608074999365
53594,71.76199277565877
53595,51.57780892060658
53596,177.81823980124392
53597,314.6126540215608
53598,48.021113445106174
53599,38.00768601305084
53600,65.78241360025567
53601,41.30907960533262
53602,41.26425770855414
53603,63.77701572772281
53604,112.34497528123019
53605,57.30387027502902
53606,102.84541726368646
53607,582.3942215983799
53608,184.9784901493607
53609,416.1729950030099
53610,72.70508936148394
53611,108.4971663731348
53612,63.465271736146235
53613,58.28584751978966
53614,50.0
53615,58.13086606591978
53616,56.47096114803443
53617,115.22455020392239
53618,110.14262896099964
53619,84.10449796845302
53620,31.82766495023675
53621,67.50546610652906
53622,420.7052747576052
53623,40.0
53624,61.27757148478729
53625,56.724305067573376
53626,279.09121422351575
53627,64.75870064045077
53628,65.60297951167301
53629,60.396759068880634
53630,54.220738029828816
53631,31.113722701313815
53632,174.86789918950168
53633,64.9502422721522
53634,53.793401056269225
53635,55.945637274558024
53636,55.042010480728386
53637,40.26402043977495
53638,72.75717087086602
53639,56.00863549509344
53640,66.29150389835495
53641,59.457211410928345
53642,119.71461347815143
53643,54.41027432521264
53644,37.76545719575274
53645,42.022828140327796
53646,97.91476511704731
53647,136.55552616809535
53648,53.49589101923449
53649,59.05535832520937
53650,110.14347328808067
53651,89.7271187757111
53652,84.30135835337232
53653,43.730603066186696
53654,102.90306968149923
53655,42.76771745225476
53656,60.47738622467656
53657,118.03316457965562
53658,94.38912002279666
53659,51.81659405762635
53660,57.042950348598175
53661,297.5813331319531
53662,109.73385075309993
53663,131.8293811860855
53664,50.0
53665,479.7897826455114
53666,165.43936554336986
53667,50.0
53668,44.80323776664663
53669,110.00000000000001
53670,62.83159944961063
53671,166.94831415371624
53672,46.31001179382866
53673,45.29407170536621
53674,41.781731919797934
53675,109.9911188939729
53676,35.06063931291538
53677,53.68330206168677
53678,125.88608237298676
53679,54.25291047708769
53680,133.96735196068008
53681,55.52428853259672
53682,75.82504891143793
53683,54.932492320604304
53684,75.47269791948078
53685,132.36972159387423
53686,109.92293849685996
53687,51.63787321983314
53688,58.64771943245818
53689,119.67654762394734
53690,68.1955186975959
53691,57.23879415712992
53692,85.85137026821889
53693,77.33770072779772
53694,42.54480426883773
53695,55.65938388317567
53696,235.27907041036934
53697,199.1465058005565
53698,205.61780060750357
53699,56.72402440429175
53700,292.02808781196103
53701,163.47743244550034
53702,54.80375030492697
53703,45.30344045130552
53704,93.68763181818427
53705,109.99999999999999
53706,83.20952900748618
53707,56.96688239008637
53708,37.285706576371446
53709,66.15603092974489
53710,60.0
53711,105.38308309228064
53712,34.87096257685319
53713,52.795622682875695
53714,53.62737716178583
53715,154.02363396940476
53716,35.19803364168667
53717,109.15591233952101
53718,250.80709228928077
53719,61.1795467115955
53720,56.93266029592279
53721,69.66437999867732
53722,50.0
53723,70.59313279223386
53724,51.737709549399845
53725,69.04128335968058
53726,168.30911060058617
53727,78.65001478070673
53728,58.61888437277409
53729,399.2405336388959
53730,43.33192301597066
53731,307.7267985744202
53732,46.28704473901469
53733,55.3922517114602
53734,49.35122561337778
53735,32.67918141094772
53736,57.751964566632545
53737,387.7961471601078
53738,58.49405474601514
53739,106.75534835671365
53740,105.20534209286008
53741,206.96526801538658
53742,78.33038373299306
53743,68.02888491701695
53744,61.2818221326945
53745,95.35097354096654
53746,75.12450782985474
53747,109.13635650084292
53748,66.79676990127304
53749,137.44751575810852
53750,46.443796626028
53751,51.89733468191196
53752,54.99027885762458
53753,58.31304743721549
53754,40.5219404916517
53755,85.98983331983924
53756,54.304229122814796
53757,56.551806522185394
53758,50.59197556706366
53759,116.86051409995882
53760,140.66537278722103
53761,47.6326659883818
53762,47.75638250642424
53763,111.90006773448366
53764,53.51166123508142
53765,53.31658488337444
53766,59.63713924216148
53767,80.53837121605666
53768,193.6541977931414
53769,322.1321830052201
53770,50.10054933892934
53771,85.5804229391523
53772,285.0656338669872
53773,43.89879030203409
53774,306.2237560382247
53775,60.183891874309374
53776,49.493586676588535
53777,157.77422130116267
53778,337.80193987054895
53779,52.25582681304512
53780,42.80184820690653
53781,119.84812458595462
53782,57.89028824690637
53783,48.66666932690751
53784,50.0
53785,53.22830162407893
53786,50.0
53787,76.47207489631226
53788,33.577615885991996
53789,71.55744309169104
53790,77.4205119636197
53791,58.31652704943011
53792,56.445022987757945
53793,43.346841216430235
53794,51.702437464712496
53795,44.03502121184938
53796,52.38359061664322
53797,50.00000000000001
53798,58.19925597009337
53799,58.63095691270049
53800,355.991876514867
53801,62.348698807422885
53802,245.8835554277277
53803,97.99243988633552
53804,48.68933890018183
53805,108.48370152382408
53806,50.0
53807,52.34596767209799
53808,42.32424537476576
53809,132.2964902011339
53810,202.70898770660347
53811,46.97734595642245
53812,41.19568761707232
53813,30.80551529648747
53814,62.836249798375306
53815,124.82252700157544
53816,121.24618527687534
53817,41.59875491712579
53818,110.66501122855041
53819,102.32533292093163
53820,36.87431667028075
53821,53.962572607266544
53822,54.22784003307258
53823,175.94199277391655
53824,55.33235185154847
53825,48.78117418756197
53826,49.99999999999999
53827,134.23968824496532
53828,55.13810950951802
53829,60.359601557115205
53830,77.20949337814497
53831,142.2680959595568
53832,64.9608699576854
53833,68.18912602874505
53834,165.69491793793077
53835,48.84289755196315
53836,86.45146828976841
53837,178.43073958589076
53838,63.33662279385745
53839,322.75399309171655
53840,55.96146278492611
53841,53.55249973990479
53842,57.37932591518916
53843,46.432003059656026
53844,262.2143905938117
53845,100.94549448565625
53846,51.405594040841834
53847,80.31383083494025
53848,46.40479453478762
53849,58.95940340242748
53850,93.52145104989508
53851,49.39676407317702
53852,339.49741187690336
53853,158.16776529469107
53854,87.01024486606376
53855,56.23532311084225
53856,328.9787462972159
53857,51.44713613442693
53858,86.02825055754327
53859,61.80242251680696
53860,50.0
53861,97.18593097393499
53862,46.90012984918718
53863,73.6548962694923
53864,80.00000000000001
53865,98.49956781888007
53866,53.68481666377512
53867,53.68923359311683
53868,41.72847508522074
53869,56.413161172686166
53870,79.41980355296741
53871,44.95001668502677
53872,64.85765012208641
53873,46.860177689668504
53874,59.64471626209231
53875,46.60896930679334
53876,98.5366542015915
53877,56.3896524147103
53878,84.3589159230116
53879,200.08847548074337
53880,58.62952027554913
53881,78.58266977537107
53882,60.36608894922381
53883,69.19127933273788
53884,46.4263256284054
53885,272.7781784920113
53886,76.95026388442626
53887,98.10611454394628
53888,43.21565381391718
53889,41.545150293960575
53890,127.78920616926298
53891,46.99415496224123
53892,51.92375023425659
53893,70.43045597190238
53894,274.52101759264383
53895,38.37469029470743
53896,46.7872235855433
53897,29.77319983726382
53898,50.00000000000001
53899,118.88235928340265
53900,113.63820745840641
53901,41.36477084247409
53902,235.45877912408457
53903,425.69962389161094
53904,49.2345867947206
53905,69.96532180040978
53906,90.0
53907,199.34097770081033
53908,50.15189189115674
53909,58.944144241095124
53910,41.14122577675395
53911,201.07734047586214
53912,339.05415508716385
53913,50.50651789730658
53914,29.689034555823046
53915,59.751885306849275
53916,64.98008737386272
53917,91.70699606505023
53918,49.82062386394136
53919,101.76551771828632
53920,73.2072966743111
53921,59.49164761251438
53922,56.49600403376775
53923,41.49711296764768
53924,46.57889442858977
53925,61.08406605257701
53926,69.91864773655746
53927,66.63615713728515
53928,123.22231974013867
53929,75.174222782359
53930,76.8899195543922
53931,53.15446341829386
53932,115.00617667521296
53933,100.22303269265149
53934,84.76087197397662
53935,157.49057337203155
53936,52.10366645672995
53937,45.853884943871506
53938,53.46745851693785
53939,55.12318111698384
53940,101.74151028086764
53941,44.04060973919085
53942,47.23617217766513
53943,86.08405016978786
53944,63.073011492162834
53945,283.813718703491
